"../../../Engine/Plugins/2D/Paper2D/Content/PlaceholderTextures/DummySpriteTexture.ubulk" 0
"../../../Engine/Plugins/2D/Paper2D/Content/PlaceholderTextures/DummySpriteTexture.uasset" 1
"../../../Engine/Plugins/2D/Paper2D/Content/PlaceholderTextures/DummySpriteTexture.uexp" 2
"../../../Engine/Plugins/2D/Paper2D/Content/DummySprite.uasset" 3
"../../../Engine/Plugins/2D/Paper2D/Content/DummySprite.uexp" 4
"../../../Engine/Plugins/2D/Paper2D/Content/DefaultPaperTerrainMaterial.uasset" 5
"../../../Engine/Plugins/2D/Paper2D/Content/DefaultPaperTerrainMaterial.uexp" 6
"../../../Engine/Plugins/Animation/ACLPlugin/Content/ACLAnimBoneCompressionSettings.uasset" 7
"../../../Engine/Plugins/Animation/ACLPlugin/Content/ACLAnimBoneCompressionSettings.uexp" 8
"../../../Engine/Content/EngineFonts/Faces/DroidSansFallback.uexp" 9
"../../../Engine/Content/EngineFonts/Faces/DroidSansFallback.uasset" 10
"../../../Engine/Content/EngineFonts/Faces/DroidSansFallback.ufont" 11
"../../../Engine/Content/EngineFonts/Faces/RobotoBold.uexp" 12
"../../../Engine/Content/EngineFonts/Faces/RobotoBold.uasset" 13
"../../../Engine/Content/EngineFonts/Faces/RobotoBold.ufont" 14
"../../../Engine/Content/EngineFonts/Faces/RobotoBoldItalic.uexp" 15
"../../../Engine/Content/EngineFonts/Faces/RobotoBoldItalic.uasset" 16
"../../../Engine/Content/EngineFonts/Faces/RobotoBoldItalic.ufont" 17
"../../../Engine/Content/EngineFonts/Faces/RobotoItalic.uexp" 18
"../../../Engine/Content/EngineFonts/Faces/RobotoItalic.uasset" 19
"../../../Engine/Content/EngineFonts/Faces/RobotoItalic.ufont" 20
"../../../Engine/Content/EngineFonts/Faces/RobotoLight.uexp" 21
"../../../Engine/Content/EngineFonts/Faces/RobotoLight.uasset" 22
"../../../Engine/Content/EngineFonts/Faces/RobotoLight.ufont" 23
"../../../Engine/Content/EngineFonts/Faces/RobotoRegular.uexp" 24
"../../../Engine/Content/EngineFonts/Faces/RobotoRegular.uasset" 25
"../../../Engine/Content/EngineFonts/Faces/RobotoRegular.ufont" 26
"../../../Engine/Content/EngineFonts/Roboto.uasset" 27
"../../../Engine/Content/EngineFonts/Roboto.uexp" 28
"../../../Engine/Content/EngineMaterials/DefaultDestructiblePhysicalMaterial.uasset" 29
"../../../Engine/Content/EngineMaterials/DefaultDestructiblePhysicalMaterial.uexp" 30
"../../../Engine/Content/EngineMaterials/DefaultPhysicalMaterial.uasset" 31
"../../../Engine/Content/EngineMaterials/DefaultPhysicalMaterial.uexp" 32
"../../../Engine/Content/EngineSounds/Master.uasset" 33
"../../../Engine/Content/EngineSounds/Master.uexp" 34
"../../../Engine/Plugins/Interchange/Runtime/Content/Pipelines/DefaultAssetsPipeline.uasset" 35
"../../../Engine/Plugins/Interchange/Runtime/Content/Pipelines/DefaultAssetsPipeline.uexp" 36
"../../../Engine/Plugins/Interchange/Runtime/Content/Pipelines/DefaultAudioPipeline.uasset" 37
"../../../Engine/Plugins/Interchange/Runtime/Content/Pipelines/DefaultAudioPipeline.uexp" 38
"../../../Engine/Plugins/Interchange/Runtime/Content/Pipelines/DefaultGLTFAssetsPipeline.uasset" 39
"../../../Engine/Plugins/Interchange/Runtime/Content/Pipelines/DefaultGLTFAssetsPipeline.uexp" 40
"../../../Engine/Plugins/Interchange/Runtime/Content/Pipelines/DefaultGLTFPipeline.uasset" 41
"../../../Engine/Plugins/Interchange/Runtime/Content/Pipelines/DefaultGLTFPipeline.uexp" 42
"../../../Engine/Plugins/Interchange/Runtime/Content/Pipelines/DefaultGLTFSceneAssetsPipeline.uasset" 43
"../../../Engine/Plugins/Interchange/Runtime/Content/Pipelines/DefaultGLTFSceneAssetsPipeline.uexp" 44
"../../../Engine/Plugins/Interchange/Runtime/Content/Pipelines/DefaultMaterialPipeline.uasset" 45
"../../../Engine/Plugins/Interchange/Runtime/Content/Pipelines/DefaultMaterialPipeline.uexp" 46
"../../../Engine/Plugins/Interchange/Runtime/Content/Pipelines/DefaultMaterialXPipeline.uasset" 47
"../../../Engine/Plugins/Interchange/Runtime/Content/Pipelines/DefaultMaterialXPipeline.uexp" 48
"../../../Engine/Plugins/Interchange/Runtime/Content/Pipelines/DefaultSceneAssetsPipeline.uasset" 49
"../../../Engine/Plugins/Interchange/Runtime/Content/Pipelines/DefaultSceneAssetsPipeline.uexp" 50
"../../../Engine/Plugins/Interchange/Runtime/Content/Pipelines/DefaultSceneLevelPipeline.uasset" 51
"../../../Engine/Plugins/Interchange/Runtime/Content/Pipelines/DefaultSceneLevelPipeline.uexp" 52
"../../../Engine/Plugins/Interchange/Runtime/Content/Pipelines/DefaultTexturePipeline.uasset" 53
"../../../Engine/Plugins/Interchange/Runtime/Content/Pipelines/DefaultTexturePipeline.uexp" 54
"C:/Users/jola9182/Documents/GitHub/Project_Babadook/Content/Audio/SC_Foley.uasset" 55
"C:/Users/jola9182/Documents/GitHub/Project_Babadook/Content/Audio/SC_Foley.uexp" 56
"../../../Engine/Content/MobileResources/HUD/VirtualJoystick_Background.uasset" 57
"../../../Engine/Content/MobileResources/HUD/VirtualJoystick_Background.uexp" 58
"../../../Engine/Content/MobileResources/HUD/VirtualJoystick_Thumb.uasset" 59
"../../../Engine/Content/MobileResources/HUD/VirtualJoystick_Thumb.uexp" 60
"../../../Engine/Content/MobileResources/HUD/DefaultVirtualJoysticks.uasset" 61
"../../../Engine/Content/MobileResources/HUD/DefaultVirtualJoysticks.uexp" 62
"C:/Users/jola9182/Documents/GitHub/Project_Babadook/Content/FMOD/PrivateIntegrationData/BankLookup.uasset" 63
"C:/Users/jola9182/Documents/GitHub/Project_Babadook/Content/FMOD/PrivateIntegrationData/BankLookup.uexp" 64
"../../../Engine/Plugins/2D/Paper2D/Content/DefaultSpriteMaterial.uasset" 65
"../../../Engine/Plugins/2D/Paper2D/Content/DefaultSpriteMaterial.uexp" 66
"../../../Engine/Plugins/2D/Paper2D/Content/MaskedUnlitSpriteMaterial.uasset" 67
"../../../Engine/Plugins/2D/Paper2D/Content/MaskedUnlitSpriteMaterial.uexp" 68
"../../../Engine/Plugins/2D/Paper2D/Content/OpaqueUnlitSpriteMaterial.uasset" 69
"../../../Engine/Plugins/2D/Paper2D/Content/OpaqueUnlitSpriteMaterial.uexp" 70
"../../../Engine/Plugins/NNE/NNEDenoiser/Content/NNED_Oidn2-3_Fast_Alpha.uasset" 71
"../../../Engine/Plugins/NNE/NNEDenoiser/Content/NNED_Oidn2-3_Fast_Alpha.uexp" 72
"../../../Engine/Plugins/NNE/NNEDenoiser/Content/NNED_Oidn2-3_HighQuality.uasset" 73
"../../../Engine/Plugins/NNE/NNEDenoiser/Content/NNED_Oidn2-3_HighQuality.uexp" 74
"../../../Engine/Plugins/NNE/NNEDenoiser/Content/NNED_Oidn2-3_HighQuality_Alpha.uasset" 75
"../../../Engine/Plugins/NNE/NNEDenoiser/Content/NNED_Oidn2-3_HighQuality_Alpha.uexp" 76
"../../../Engine/Plugins/NNE/NNEDenoiser/Content/NNE_oidn2-3-0_rt_hdr_alb_nrm_small__dyn__fp16_opset11_DenoiseAlpha.uasset" 77
"../../../Engine/Plugins/NNE/NNEDenoiser/Content/NNE_oidn2-3-0_rt_hdr_alb_nrm_small__dyn__fp16_opset11_DenoiseAlpha.uexp" 78
"../../../Engine/Plugins/NNE/NNEDenoiser/Content/NNE_oidn2-3-0_rt_hdr_alb_nrm_small__dyn__fp16_opset11_ForwardAlpha.uasset" 79
"../../../Engine/Plugins/NNE/NNEDenoiser/Content/NNE_oidn2-3-0_rt_hdr_alb_nrm_small__dyn__fp16_opset11_ForwardAlpha.uexp" 80
"../../../Engine/Plugins/NNE/NNEDenoiser/Content/NNE_oidn2-3-0_rt_hdr_alb_nrm__dyn__fp16_opset11_DenoiseAlpha.uasset" 81
"../../../Engine/Plugins/NNE/NNEDenoiser/Content/NNE_oidn2-3-0_rt_hdr_alb_nrm__dyn__fp16_opset11_DenoiseAlpha.uexp" 82
"../../../Engine/Plugins/NNE/NNEDenoiser/Content/NNE_oidn2-3-0_rt_hdr_alb_nrm__dyn__fp16_opset11_ForwardAlpha.uasset" 83
"../../../Engine/Plugins/NNE/NNEDenoiser/Content/NNE_oidn2-3-0_rt_hdr_alb_nrm__dyn__fp16_opset11_ForwardAlpha.uexp" 84
"../../../Engine/Plugins/NNE/NNEDenoiser/Content/NNE_oidn2-3-0_rt_hdr_calb_cnrm_large__dyn__fp16_opset11_DenoiseAlpha.uasset" 85
"../../../Engine/Plugins/NNE/NNEDenoiser/Content/NNE_oidn2-3-0_rt_hdr_calb_cnrm_large__dyn__fp16_opset11_DenoiseAlpha.uexp" 86
"../../../Engine/Plugins/NNE/NNEDenoiser/Content/NNE_oidn2-3-0_rt_hdr_calb_cnrm_large__dyn__fp16_opset11_ForwardAlpha.uasset" 87
"../../../Engine/Plugins/NNE/NNEDenoiser/Content/NNE_oidn2-3-0_rt_hdr_calb_cnrm_large__dyn__fp16_opset11_ForwardAlpha.uexp" 88
"../../../Engine/Content/Functions/Engine_MaterialFunctions02/WorldPositionOffset/CameraOffset.uasset" 89
"../../../Engine/Content/Functions/Engine_MaterialFunctions02/WorldPositionOffset/CameraOffset.uexp" 90
"../../../Engine/Plugins/Animation/ControlRig/Content/M_Manip.uasset" 91
"../../../Engine/Plugins/Animation/ControlRig/Content/M_Manip.uexp" 92
"../../../Engine/Content/EditorLandscapeResources/DefaultAlphaTexture.uasset" 93
"../../../Engine/Content/EditorLandscapeResources/DefaultAlphaTexture.uexp" 94
"../../../Engine/Content/EditorLandscapeResources/ColorMaskBrushMaterial.uasset" 95
"../../../Engine/Content/EditorLandscapeResources/ColorMaskBrushMaterial.uexp" 96
"../../../Engine/Content/EditorLandscapeResources/ColorMaskBrushMaterial_MaskedRegion.uasset" 97
"../../../Engine/Content/EditorLandscapeResources/ColorMaskBrushMaterial_MaskedRegion.uexp" 98
"../../../Engine/Content/EditorMaterials/PhAT_NoCollisionMaterial.uasset" 99
"../../../Engine/Content/EditorMaterials/PhAT_NoCollisionMaterial.uexp" 100
"../../../Engine/Content/EditorMaterials/PhAT_UnselectedMaterial.uasset" 101
"../../../Engine/Content/EditorMaterials/PhAT_UnselectedMaterial.uexp" 102
"../../../Engine/Content/EditorMaterials/PreviewShadowIndicator.ubulk" 103
"../../../Engine/Content/EditorMaterials/PreviewShadowIndicator.uasset" 104
"../../../Engine/Content/EditorMaterials/PreviewShadowIndicator.uexp" 105
"../../../Engine/Content/EditorMaterials/PreviewShadowIndicatorMaterial.uasset" 106
"../../../Engine/Content/EditorMaterials/PreviewShadowIndicatorMaterial.uexp" 107
"../../../Engine/Content/EditorLandscapeResources/LandscapeDirtyMaterial.uasset" 108
"../../../Engine/Content/EditorLandscapeResources/LandscapeDirtyMaterial.uexp" 109
"../../../Engine/Content/EngineMaterials/T_Default_Material_Grid_M.ubulk" 110
"../../../Engine/Content/EngineMaterials/T_Default_Material_Grid_M.uasset" 111
"../../../Engine/Content/EngineMaterials/T_Default_Material_Grid_M.uexp" 112
"../../../Engine/Content/EngineMaterials/T_Default_Material_Grid_N.ubulk" 113
"../../../Engine/Content/EngineMaterials/T_Default_Material_Grid_N.uasset" 114
"../../../Engine/Content/EngineMaterials/T_Default_Material_Grid_N.uexp" 115
"../../../Engine/Content/Functions/Engine_MaterialFunctions01/Opacity/CameraDepthFade.uasset" 116
"../../../Engine/Content/Functions/Engine_MaterialFunctions01/Opacity/CameraDepthFade.uexp" 117
"../../../Engine/Content/EngineMaterials/WorldGridMaterial.uasset" 118
"../../../Engine/Content/EngineMaterials/WorldGridMaterial.uexp" 119
"../../../Engine/Plugins/Media/MediaPlate/Content/SM_MediaPlateScreen.ubulk" 120
"../../../Engine/Plugins/Media/MediaPlate/Content/SM_MediaPlateScreen.uasset" 121
"../../../Engine/Plugins/Media/MediaPlate/Content/SM_MediaPlateScreen.uexp" 122
"../../../Engine/Plugins/NNE/NNEDenoiser/Content/NNEDIM_ColorAlbedoNormal_Alpha.uasset" 123
"../../../Engine/Plugins/NNE/NNEDenoiser/Content/NNEDIM_ColorAlbedoNormal_Alpha.uexp" 124
"../../../Engine/Plugins/NNE/NNEDenoiser/Content/NNEDIM_ColorAlbedoNormal_Default.uasset" 125
"../../../Engine/Plugins/NNE/NNEDenoiser/Content/NNEDIM_ColorAlbedoNormal_Default.uexp" 126
"../../../Engine/Plugins/NNE/NNEDenoiser/Content/NNEDIM_HighQuality_Alpha.uasset" 127
"../../../Engine/Plugins/NNE/NNEDenoiser/Content/NNEDIM_HighQuality_Alpha.uexp" 128
"../../../Engine/Plugins/NNE/NNEDenoiser/Content/NNEDIM_HighQuality_Default.uasset" 129
"../../../Engine/Plugins/NNE/NNEDenoiser/Content/NNEDIM_HighQuality_Default.uexp" 130
"../../../Engine/Plugins/NNE/NNEDenoiser/Content/NNEDOM_Output_Alpha.uasset" 131
"../../../Engine/Plugins/NNE/NNEDenoiser/Content/NNEDOM_Output_Alpha.uexp" 132
"../../../Engine/Plugins/NNE/NNEDenoiser/Content/NNEDOM_Output_Default.uasset" 133
"../../../Engine/Plugins/NNE/NNEDenoiser/Content/NNEDOM_Output_Default.uexp" 134
"../../../Engine/Plugins/NNE/NNEDenoiser/Content/NNEDTIM_ColorAlbedoNormal_Alpha.uasset" 135
"../../../Engine/Plugins/NNE/NNEDenoiser/Content/NNEDTIM_ColorAlbedoNormal_Alpha.uexp" 136
"../../../Engine/Plugins/NNE/NNEDenoiser/Content/NNEDTIM_ColorAlbedoNormal_Default.uasset" 137
"../../../Engine/Plugins/NNE/NNEDenoiser/Content/NNEDTIM_ColorAlbedoNormal_Default.uexp" 138
"../../../Engine/Plugins/NNE/NNEDenoiser/Content/NNEDTOM_Output_Alpha.uasset" 139
"../../../Engine/Plugins/NNE/NNEDenoiser/Content/NNEDTOM_Output_Alpha.uexp" 140
"../../../Engine/Plugins/NNE/NNEDenoiser/Content/NNEDTOM_Output_Default.uasset" 141
"../../../Engine/Plugins/NNE/NNEDenoiser/Content/NNEDTOM_Output_Default.uexp" 142
"../../../Engine/Plugins/NNE/NNEDenoiser/Content/NNEDT_Oidn2-3_Balanced.uasset" 143
"../../../Engine/Plugins/NNE/NNEDenoiser/Content/NNEDT_Oidn2-3_Balanced.uexp" 144
"../../../Engine/Plugins/NNE/NNEDenoiser/Content/NNEDT_Oidn2-3_Balanced_Alpha.uasset" 145
"../../../Engine/Plugins/NNE/NNEDenoiser/Content/NNEDT_Oidn2-3_Balanced_Alpha.uexp" 146
"../../../Engine/Plugins/NNE/NNEDenoiser/Content/NNED_Oidn2-3_Balanced.uasset" 147
"../../../Engine/Plugins/NNE/NNEDenoiser/Content/NNED_Oidn2-3_Balanced.uexp" 148
"../../../Engine/Plugins/NNE/NNEDenoiser/Content/NNED_Oidn2-3_Balanced_Alpha.uasset" 149
"../../../Engine/Plugins/NNE/NNEDenoiser/Content/NNED_Oidn2-3_Balanced_Alpha.uexp" 150
"../../../Engine/Plugins/NNE/NNEDenoiser/Content/NNED_Oidn2-3_Fast.uasset" 151
"../../../Engine/Plugins/NNE/NNEDenoiser/Content/NNED_Oidn2-3_Fast.uexp" 152
"../../../Engine/Content/EngineMaterials/DefaultDiffuse.ubulk" 153
"../../../Engine/Content/EngineMaterials/DefaultDiffuse.uasset" 154
"../../../Engine/Content/EngineMaterials/DefaultDiffuse.uexp" 155
"../../../Engine/Content/Functions/Engine_MaterialFunctions01/Texturing/TextureCropping.uasset" 156
"../../../Engine/Content/Functions/Engine_MaterialFunctions01/Texturing/TextureCropping.uexp" 157
"../../../Engine/Content/Functions/Engine_MaterialFunctions02/ExampleContent/DebugNumberStrip.uasset" 158
"../../../Engine/Content/Functions/Engine_MaterialFunctions02/ExampleContent/DebugNumberStrip.uexp" 159
"../../../Engine/Content/Functions/Engine_MaterialFunctions01/Debug/DebugIntValues.uasset" 160
"../../../Engine/Content/Functions/Engine_MaterialFunctions01/Debug/DebugIntValues.uexp" 161
"../../../Engine/Content/Functions/Engine_MaterialFunctions02/Utility/BreakOutFloat2Components.uasset" 162
"../../../Engine/Content/Functions/Engine_MaterialFunctions02/Utility/BreakOutFloat2Components.uexp" 163
"../../../Engine/Content/Functions/Engine_MaterialFunctions01/Texturing/ScaleUVsByCenter.uasset" 164
"../../../Engine/Content/Functions/Engine_MaterialFunctions01/Texturing/ScaleUVsByCenter.uexp" 165
"../../../Engine/Content/Functions/Engine_MaterialFunctions02/WorldPositionOffset/LocalPosition.uasset" 166
"../../../Engine/Content/Functions/Engine_MaterialFunctions02/WorldPositionOffset/LocalPosition.uexp" 167
"../../../Engine/Content/EditorLandscapeResources/LandscapeLayerUsageMaterial.uasset" 168
"../../../Engine/Content/EditorLandscapeResources/LandscapeLayerUsageMaterial.uexp" 169
"../../../Engine/Content/EditorResources/S_Solver.ubulk" 170
"../../../Engine/Content/EditorResources/S_Solver.uasset" 171
"../../../Engine/Content/EditorResources/S_Solver.uexp" 172
"../../../Engine/Content/EditorLandscapeResources/WhiteSquareTexture.uasset" 173
"../../../Engine/Content/EditorLandscapeResources/WhiteSquareTexture.uexp" 174
"../../../Engine/Content/EditorLandscapeResources/LayerVisMaterial.uasset" 175
"../../../Engine/Content/EditorLandscapeResources/LayerVisMaterial.uexp" 176
"../../../Engine/Content/EditorResources/S_Terrain.ubulk" 177
"../../../Engine/Content/EditorResources/S_Terrain.uasset" 178
"../../../Engine/Content/EditorResources/S_Terrain.uexp" 179
"../../../Engine/Content/Functions/Engine_MaterialFunctions02/Utility/MakeFloat3.uasset" 180
"../../../Engine/Content/Functions/Engine_MaterialFunctions02/Utility/MakeFloat3.uexp" 181
"../../../Engine/Content/Functions/Engine_MaterialFunctions03/Math/WithinRangeFloat2.uasset" 182
"../../../Engine/Content/Functions/Engine_MaterialFunctions03/Math/WithinRangeFloat2.uexp" 183
"../../../Engine/Content/EditorLandscapeResources/MaskBrushMaterial.uasset" 184
"../../../Engine/Content/EditorLandscapeResources/MaskBrushMaterial.uexp" 185
"../../../Engine/Content/EditorLandscapeResources/MaskBrushMaterial_MaskedRegion.uasset" 186
"../../../Engine/Content/EditorLandscapeResources/MaskBrushMaterial_MaskedRegion.uexp" 187
"../../../Engine/Content/EditorResources/S_Trigger.ubulk" 188
"../../../Engine/Content/EditorResources/S_Trigger.uasset" 189
"../../../Engine/Content/EditorResources/S_Trigger.uexp" 190
"../../../Engine/Content/EditorResources/S_TriggerBox.uasset" 191
"../../../Engine/Content/EditorResources/S_TriggerBox.uexp" 192
"../../../Engine/Content/EditorResources/S_TriggerCapsule.uasset" 193
"../../../Engine/Content/EditorResources/S_TriggerCapsule.uexp" 194
"../../../Engine/Content/EditorLandscapeResources/SelectBrushMaterial.uasset" 195
"../../../Engine/Content/EditorLandscapeResources/SelectBrushMaterial.uexp" 196
"../../../Engine/Content/EditorLandscapeResources/SelectBrushMaterial_Selected.uasset" 197
"../../../Engine/Content/EditorLandscapeResources/SelectBrushMaterial_Selected.uexp" 198
"../../../Engine/Content/EditorResources/S_TriggerSphere.uasset" 199
"../../../Engine/Content/EditorResources/S_TriggerSphere.uexp" 200
"../../../Engine/Content/EditorLandscapeResources/SelectBrushMaterial_SelectedRegion.uasset" 201
"../../../Engine/Content/EditorLandscapeResources/SelectBrushMaterial_SelectedRegion.uexp" 202
"../../../Engine/Content/EditorLandscapeResources/SplineEditorMeshMat.uasset" 203
"../../../Engine/Content/EditorLandscapeResources/SplineEditorMeshMat.uexp" 204
"../../../Engine/Content/EditorLandscapeResources/SplineEditorMesh.ubulk" 205
"../../../Engine/Content/EditorLandscapeResources/SplineEditorMesh.uasset" 206
"../../../Engine/Content/EditorLandscapeResources/SplineEditorMesh.uexp" 207
"../../../Engine/Content/EngineDamageTypes/DmgTypeBP_Environmental.uasset" 208
"../../../Engine/Content/EngineDamageTypes/DmgTypeBP_Environmental.uexp" 209
"../../../Engine/Content/EngineMaterials/DefaultBloomKernel.uasset" 210
"../../../Engine/Content/EngineMaterials/DefaultBloomKernel.uexp" 211
"../../../Engine/Content/EngineMaterials/DefaultBokeh.uasset" 212
"../../../Engine/Content/EngineMaterials/DefaultBokeh.uexp" 213
"../../../Engine/Content/EngineMaterials/DefaultDeferredDecalMaterial.uasset" 214
"../../../Engine/Content/EngineMaterials/DefaultDeferredDecalMaterial.uexp" 215
"../../../Engine/Content/EngineMaterials/DefaultLightFunctionMaterial.uasset" 216
"../../../Engine/Content/EngineMaterials/DefaultLightFunctionMaterial.uexp" 217
"../../../Engine/Content/EngineMaterials/DefaultMaterial.uasset" 218
"../../../Engine/Content/EngineMaterials/DefaultMaterial.uexp" 219
"../../../Engine/Content/BasicShapes/Cone.ubulk" 220
"../../../Engine/Content/BasicShapes/Cone.uasset" 221
"../../../Engine/Content/BasicShapes/Cone.uexp" 222
"../../../Engine/Content/EngineMaterials/DefaultPostProcessMaterial.uasset" 223
"../../../Engine/Content/EngineMaterials/DefaultPostProcessMaterial.uexp" 224
"../../../Engine/Content/EngineFonts/RobotoDistanceField.uasset" 225
"../../../Engine/Content/EngineFonts/RobotoDistanceField.uexp" 226
"../../../Engine/Content/EngineMaterials/DefaultTextMaterialOpaque.uasset" 227
"../../../Engine/Content/EngineMaterials/DefaultTextMaterialOpaque.uexp" 228
"../../../Engine/Content/BasicShapes/Cylinder.ubulk" 229
"../../../Engine/Content/BasicShapes/Cylinder.uasset" 230
"../../../Engine/Content/BasicShapes/Cylinder.uexp" 231
"../../../Engine/Content/EngineMaterials/DefaultWhiteGrid.ubulk" 232
"../../../Engine/Content/EngineMaterials/DefaultWhiteGrid.uasset" 233
"../../../Engine/Content/EngineMaterials/DefaultWhiteGrid.uexp" 234
"../../../Engine/Content/EngineMaterials/DefaultWhiteGrid_Low.uasset" 235
"../../../Engine/Content/EngineMaterials/DefaultWhiteGrid_Low.uexp" 236
"../../../Engine/Content/EngineMaterials/EmissiveMeshMaterial.uasset" 237
"../../../Engine/Content/EngineMaterials/EmissiveMeshMaterial.uexp" 238
"../../../Engine/Content/BasicShapes/Sphere.ubulk" 239
"../../../Engine/Content/BasicShapes/Sphere.uasset" 240
"../../../Engine/Content/BasicShapes/Sphere.uexp" 241
"../../../Engine/Content/EngineMaterials/FastBlueNoise_scalar_128x128x64.uasset" 242
"../../../Engine/Content/EngineMaterials/FastBlueNoise_scalar_128x128x64.uexp" 243
"../../../Engine/Content/EngineMaterials/FastBlueNoise_scalar_128x128x8.uasset" 244
"../../../Engine/Content/EngineMaterials/FastBlueNoise_scalar_128x128x8.uexp" 245
"../../../Engine/Content/EngineMaterials/FastBlueNoise_vec2_128x128x64.uasset" 246
"../../../Engine/Content/EngineMaterials/FastBlueNoise_vec2_128x128x64.uexp" 247
"../../../Engine/Content/EngineMaterials/BaseFlattenDiffuseMap.uasset" 248
"../../../Engine/Content/EngineMaterials/BaseFlattenDiffuseMap.uexp" 249
"../../../Engine/Content/EngineMaterials/BaseFlattenEmissiveMap.uasset" 250
"../../../Engine/Content/EngineMaterials/BaseFlattenEmissiveMap.uexp" 251
"../../../Engine/Content/EngineMaterials/BaseFlattenGrayscaleMap.uasset" 252
"../../../Engine/Content/EngineMaterials/BaseFlattenGrayscaleMap.uexp" 253
"../../../Engine/Content/EngineMaterials/BaseFlattenLinearColor.uasset" 254
"../../../Engine/Content/EngineMaterials/BaseFlattenLinearColor.uexp" 255
"../../../Engine/Content/EngineMaterials/BaseFlattenNormalMap.uasset" 256
"../../../Engine/Content/EngineMaterials/BaseFlattenNormalMap.uexp" 257
"../../../Engine/Content/Functions/Engine_MaterialFunctions02/PivotPainter2/Black_1x1_EXR_Texture.uasset" 258
"../../../Engine/Content/Functions/Engine_MaterialFunctions02/PivotPainter2/Black_1x1_EXR_Texture.uexp" 259
"../../../Engine/Content/EngineMaterials/FlattenMaterial.uasset" 260
"../../../Engine/Content/EngineMaterials/FlattenMaterial.uexp" 261
"../../../Engine/Content/EngineMaterials/BaseFlattenDiffuseMap_VT.ubulk" 262
"../../../Engine/Content/EngineMaterials/BaseFlattenDiffuseMap_VT.uasset" 263
"../../../Engine/Content/EngineMaterials/BaseFlattenDiffuseMap_VT.uexp" 264
"../../../Engine/Content/EngineMaterials/BaseFlattenEmissiveMap_VT.ubulk" 265
"../../../Engine/Content/EngineMaterials/BaseFlattenEmissiveMap_VT.uasset" 266
"../../../Engine/Content/EngineMaterials/BaseFlattenEmissiveMap_VT.uexp" 267
"../../../Engine/Content/EngineMaterials/BaseFlattenGrayscaleMap_VT.ubulk" 268
"../../../Engine/Content/EngineMaterials/BaseFlattenGrayscaleMap_VT.uasset" 269
"../../../Engine/Content/EngineMaterials/BaseFlattenGrayscaleMap_VT.uexp" 270
"../../../Engine/Content/EngineMaterials/BaseFlattenLinearColor_VT.ubulk" 271
"../../../Engine/Content/EngineMaterials/BaseFlattenLinearColor_VT.uasset" 272
"../../../Engine/Content/EngineMaterials/BaseFlattenLinearColor_VT.uexp" 273
"../../../Engine/Content/EngineMaterials/BaseFlattenNormalMap_VT.ubulk" 274
"../../../Engine/Content/EngineMaterials/BaseFlattenNormalMap_VT.uasset" 275
"../../../Engine/Content/EngineMaterials/BaseFlattenNormalMap_VT.uexp" 276
"../../../Engine/Content/EngineMaterials/Black_1x1_EXR_Texture_VT.ubulk" 277
"../../../Engine/Content/EngineMaterials/Black_1x1_EXR_Texture_VT.uasset" 278
"../../../Engine/Content/EngineMaterials/Black_1x1_EXR_Texture_VT.uexp" 279
"../../../Engine/Content/EngineMaterials/FlattenMaterial_VT.uasset" 280
"../../../Engine/Content/EngineMaterials/FlattenMaterial_VT.uexp" 281
"../../../Engine/Content/EngineMaterials/FlattenMaterial_WS_Normal_VT.uasset" 282
"../../../Engine/Content/EngineMaterials/FlattenMaterial_WS_Normal_VT.uexp" 283
"../../../Engine/Content/EngineMaterials/WeightMapPlaceholderTexture.uasset" 284
"../../../Engine/Content/EngineMaterials/WeightMapPlaceholderTexture.uexp" 285
"../../../Engine/Content/EngineMaterials/WeightMapArrayPlaceholderTexture.uasset" 286
"../../../Engine/Content/EngineMaterials/WeightMapArrayPlaceholderTexture.uexp" 287
"../../../Engine/Content/EngineResources/WhiteSquareTexture.uasset" 288
"../../../Engine/Content/EngineResources/WhiteSquareTexture.uexp" 289
"../../../Engine/Content/EngineMaterials/Widget3DPassThrough.uasset" 290
"../../../Engine/Content/EngineMaterials/Widget3DPassThrough.uexp" 291
"../../../Engine/Content/EngineMaterials/Widget3DPassThrough_Masked.uasset" 292
"../../../Engine/Content/EngineMaterials/Widget3DPassThrough_Masked.uexp" 293
"../../../Engine/Content/EngineMaterials/Widget3DPassThrough_Opaque.uasset" 294
"../../../Engine/Content/EngineMaterials/Widget3DPassThrough_Opaque.uexp" 295
"../../../Engine/Content/EngineMaterials/Widget3DPassThrough_Masked_OneSided.uasset" 296
"../../../Engine/Content/EngineMaterials/Widget3DPassThrough_Masked_OneSided.uexp" 297
"../../../Engine/Content/EngineMaterials/Widget3DPassThrough_Opaque_OneSided.uasset" 298
"../../../Engine/Content/EngineMaterials/Widget3DPassThrough_Opaque_OneSided.uexp" 299
"../../../Engine/Content/EngineMaterials/Widget3DPassThrough_Translucent.uasset" 300
"../../../Engine/Content/EngineMaterials/Widget3DPassThrough_Translucent.uexp" 301
"../../../Engine/Content/EngineMaterials/Widget3DPassThrough_Translucent_OneSided.uasset" 302
"../../../Engine/Content/EngineMaterials/Widget3DPassThrough_Translucent_OneSided.uexp" 303
"../../../Engine/Content/EngineMeshes/Sphere.ubulk" 304
"../../../Engine/Content/EngineMeshes/Sphere.uasset" 305
"../../../Engine/Content/EngineMeshes/Sphere.uexp" 306
"../../../Engine/Content/EngineDebugMaterials/DebugEditorMaterial.uasset" 307
"../../../Engine/Content/EngineDebugMaterials/DebugEditorMaterial.uexp" 308
"../../../Engine/Content/EngineMaterials/GizmoMaterial.uasset" 309
"../../../Engine/Content/EngineMaterials/GizmoMaterial.uexp" 310
"../../../Engine/Content/EngineMaterials/MiniFont.uasset" 311
"../../../Engine/Content/EngineMaterials/MiniFont.uexp" 312
"../../../Engine/Content/EngineMaterials/InvalidLightmapSettings.ubulk" 313
"../../../Engine/Content/EngineMaterials/InvalidLightmapSettings.uasset" 314
"../../../Engine/Content/EngineMaterials/InvalidLightmapSettings.uexp" 315
"../../../Engine/Content/EngineMaterials/M_InvalidLightmapSettings.uasset" 316
"../../../Engine/Content/EngineMaterials/M_InvalidLightmapSettings.uexp" 317
"../../../Engine/Content/EngineMaterials/NaniteHiddenSectionMaterial.uasset" 318
"../../../Engine/Content/EngineMaterials/NaniteHiddenSectionMaterial.uexp" 319
"../../../Engine/Content/EngineMaterials/PhAT_JointLimitMaterial.uasset" 320
"../../../Engine/Content/EngineMaterials/PhAT_JointLimitMaterial.uexp" 321
"../../../Engine/Content/EngineMaterials/DefaultCalibrationColor.uasset" 322
"../../../Engine/Content/EngineMaterials/DefaultCalibrationColor.uexp" 323
"../../../Engine/Content/EngineMaterials/PPM_DefaultCalibrationColor.uasset" 324
"../../../Engine/Content/EngineMaterials/PPM_DefaultCalibrationColor.uexp" 325
"../../../Engine/Content/EngineMaterials/DefaultCalibrationGrayscale.uasset" 326
"../../../Engine/Content/EngineMaterials/DefaultCalibrationGrayscale.uexp" 327
"../../../Engine/Content/EngineMaterials/PPM_DefaultCalibrationGrayscale.uasset" 328
"../../../Engine/Content/EngineMaterials/PPM_DefaultCalibrationGrayscale.uexp" 329
"../../../Engine/Content/EngineMaterials/PreintegratedSkinBRDF.uasset" 330
"../../../Engine/Content/EngineMaterials/PreintegratedSkinBRDF.uexp" 331
"../../../Engine/Content/EngineResources/Black.uasset" 332
"../../../Engine/Content/EngineResources/Black.uexp" 333
"../../../Engine/Content/EngineMaterials/RemoveSurfaceMaterial.uasset" 334
"../../../Engine/Content/EngineMaterials/RemoveSurfaceMaterial.uexp" 335
"../../../Engine/Content/EngineMaterials/SMAAAreaTex.uasset" 336
"../../../Engine/Content/EngineMaterials/SMAAAreaTex.uexp" 337
"../../../Engine/Content/EngineResources/DefaultTextureCube.uasset" 338
"../../../Engine/Content/EngineResources/DefaultTextureCube.uexp" 339
"../../../Engine/Content/EngineMaterials/SMAASearchTex.uasset" 340
"../../../Engine/Content/EngineMaterials/SMAASearchTex.uexp" 341
"../../../Engine/Content/EngineResources/GradientTexture0.uasset" 342
"../../../Engine/Content/EngineResources/GradientTexture0.uexp" 343
"../../../Engine/Content/EngineResources/LandscapeVisibilityLayerInfo.uasset" 344
"../../../Engine/Content/EngineResources/LandscapeVisibilityLayerInfo.uexp" 345
"../../../Engine/Content/EngineDebugMaterials/DebugMeshMaterial.uasset" 346
"../../../Engine/Content/EngineDebugMaterials/DebugMeshMaterial.uexp" 347
"../../../Engine/Plugins/Animation/ControlRig/Content/Controls/ControlRig_Arrow4_1mm.ubulk" 348
"../../../Engine/Plugins/Animation/ControlRig/Content/Controls/ControlRig_Arrow4_1mm.uasset" 349
"../../../Engine/Plugins/Animation/ControlRig/Content/Controls/ControlRig_Arrow4_1mm.uexp" 350
"../../../Engine/Plugins/Animation/ControlRig/Content/Controls/ControlRig_Arrow4_3mm.ubulk" 351
"../../../Engine/Plugins/Animation/ControlRig/Content/Controls/ControlRig_Arrow4_3mm.uasset" 352
"../../../Engine/Plugins/Animation/ControlRig/Content/Controls/ControlRig_Arrow4_3mm.uexp" 353
"../../../Engine/Plugins/Animation/ControlRig/Content/Controls/ControlRig_Arrow4_solid.ubulk" 354
"../../../Engine/Plugins/Animation/ControlRig/Content/Controls/ControlRig_Arrow4_solid.uasset" 355
"../../../Engine/Plugins/Animation/ControlRig/Content/Controls/ControlRig_Arrow4_solid.uexp" 356
"../../../Engine/Plugins/Animation/ControlRig/Content/Controls/ControlRig_Arrow_1mm.ubulk" 357
"../../../Engine/Plugins/Animation/ControlRig/Content/Controls/ControlRig_Arrow_1mm.uasset" 358
"../../../Engine/Plugins/Animation/ControlRig/Content/Controls/ControlRig_Arrow_1mm.uexp" 359
"../../../Engine/Plugins/Animation/ControlRig/Content/Controls/ControlRig_Arrow_3mm.ubulk" 360
"../../../Engine/Plugins/Animation/ControlRig/Content/Controls/ControlRig_Arrow_3mm.uasset" 361
"../../../Engine/Plugins/Animation/ControlRig/Content/Controls/ControlRig_Arrow_3mm.uexp" 362
"../../../Engine/Plugins/Animation/ControlRig/Content/Controls/ControlRig_Arrow_solid.ubulk" 363
"../../../Engine/Plugins/Animation/ControlRig/Content/Controls/ControlRig_Arrow_solid.uasset" 364
"../../../Engine/Plugins/Animation/ControlRig/Content/Controls/ControlRig_Arrow_solid.uexp" 365
"../../../Engine/Plugins/Animation/ControlRig/Content/Controls/ControlRig_Box_1mm.ubulk" 366
"../../../Engine/Plugins/Animation/ControlRig/Content/Controls/ControlRig_Box_1mm.uasset" 367
"../../../Engine/Plugins/Animation/ControlRig/Content/Controls/ControlRig_Box_1mm.uexp" 368
"../../../Engine/Plugins/Animation/ControlRig/Content/Controls/ControlRig_Box_3mm.ubulk" 369
"../../../Engine/Plugins/Animation/ControlRig/Content/Controls/ControlRig_Box_3mm.uasset" 370
"../../../Engine/Plugins/Animation/ControlRig/Content/Controls/ControlRig_Box_3mm.uexp" 371
"../../../Engine/Content/Functions/Engine_MaterialFunctions02/SplitComponents.uasset" 372
"../../../Engine/Content/Functions/Engine_MaterialFunctions02/SplitComponents.uexp" 373
"../../../Engine/Content/Functions/Engine_MaterialFunctions02/Utility/BreakOutFloat3Components.uasset" 374
"../../../Engine/Content/Functions/Engine_MaterialFunctions02/Utility/BreakOutFloat3Components.uexp" 375
"../../../Engine/Content/Functions/Engine_MaterialFunctions02/Math/Transform3x3Matrix.uasset" 376
"../../../Engine/Content/Functions/Engine_MaterialFunctions02/Math/Transform3x3Matrix.uexp" 377
"../../../Engine/Content/VREditor/SnapGrid/SnapGridMaterial.uasset" 378
"../../../Engine/Content/VREditor/SnapGrid/SnapGridMaterial.uexp" 379
"../../../Engine/Content/VREditor/SnapGrid/SnapGridPlaneMesh.ubulk" 380
"../../../Engine/Content/VREditor/SnapGrid/SnapGridPlaneMesh.uasset" 381
"../../../Engine/Content/VREditor/SnapGrid/SnapGridPlaneMesh.uexp" 382
"../../../Engine/Content/VREditor/LaserPointer/VR_LaserPower_01.ubulk" 383
"../../../Engine/Content/VREditor/LaserPointer/VR_LaserPower_01.uasset" 384
"../../../Engine/Content/VREditor/LaserPointer/VR_LaserPower_01.uexp" 385
"../../../Engine/Content/VREditor/TransformGizmo/TransformGizmoMaterial.uasset" 386
"../../../Engine/Content/VREditor/TransformGizmo/TransformGizmoMaterial.uexp" 387
"../../../Engine/Content/VREditor/TransformGizmo/TranslucentTransformGizmoMaterial.uasset" 388
"../../../Engine/Content/VREditor/TransformGizmo/TranslucentTransformGizmoMaterial.uexp" 389
"../../../Engine/Content/VREditor/TransformGizmo/PlaneTranslationHandle.ubulk" 390
"../../../Engine/Content/VREditor/TransformGizmo/PlaneTranslationHandle.uasset" 391
"../../../Engine/Content/VREditor/TransformGizmo/PlaneTranslationHandle.uexp" 392
"../../../Engine/Content/VREditor/TransformGizmo/RotationHandleFull.ubulk" 393
"../../../Engine/Content/VREditor/TransformGizmo/RotationHandleFull.uasset" 394
"../../../Engine/Content/VREditor/TransformGizmo/RotationHandleFull.uexp" 395
"../../../Engine/Content/VREditor/TransformGizmo/RotationHandleIndicator.ubulk" 396
"../../../Engine/Content/VREditor/TransformGizmo/RotationHandleIndicator.uasset" 397
"../../../Engine/Content/VREditor/TransformGizmo/RotationHandleIndicator.uexp" 398
"../../../Engine/Content/VREditor/TransformGizmo/RotationHandleQuarter.ubulk" 399
"../../../Engine/Content/VREditor/TransformGizmo/RotationHandleQuarter.uasset" 400
"../../../Engine/Content/VREditor/TransformGizmo/RotationHandleQuarter.uexp" 401
"../../../Engine/Content/VREditor/TransformGizmo/StartRotationHandleIndicator.ubulk" 402
"../../../Engine/Content/VREditor/TransformGizmo/StartRotationHandleIndicator.uasset" 403
"../../../Engine/Content/VREditor/TransformGizmo/StartRotationHandleIndicator.uexp" 404
"../../../Engine/Content/VREditor/TransformGizmo/TranslucentTransformGizmoMaterial_Inst.uasset" 405
"../../../Engine/Content/VREditor/TransformGizmo/TranslucentTransformGizmoMaterial_Inst.uexp" 406
"../../../Engine/Content/VREditor/TransformGizmo/TransformGizmoFreeRotation.ubulk" 407
"../../../Engine/Content/VREditor/TransformGizmo/TransformGizmoFreeRotation.uasset" 408
"../../../Engine/Content/VREditor/TransformGizmo/TransformGizmoFreeRotation.uexp" 409
"../../../Engine/Content/VREditor/TransformGizmo/TransformGizmoMaterial_Inst.uasset" 410
"../../../Engine/Content/VREditor/TransformGizmo/TransformGizmoMaterial_Inst.uexp" 411
"../../../Engine/Content/VREditor/TransformGizmo/TranslateArrowHandle.ubulk" 412
"../../../Engine/Content/VREditor/TransformGizmo/TranslateArrowHandle.uasset" 413
"../../../Engine/Content/VREditor/TransformGizmo/TranslateArrowHandle.uexp" 414
"../../../Engine/Content/VREditor/TransformGizmo/UniformScaleHandle.ubulk" 415
"../../../Engine/Content/VREditor/TransformGizmo/UniformScaleHandle.uasset" 416
"../../../Engine/Content/VREditor/TransformGizmo/UniformScaleHandle.uexp" 417
"../../../Engine/Content/VREditor/Sounds/UI/Drop_Item_From_ContentBrowser.ubulk" 418
"../../../Engine/Content/VREditor/Sounds/UI/Drop_Item_From_ContentBrowser.uasset" 419
"../../../Engine/Content/VREditor/Sounds/UI/Drop_Item_From_ContentBrowser.uexp" 420
"../../../Engine/Content/VREditor/Sounds/UI/Gizmo_Handle_Clicked.ubulk" 421
"../../../Engine/Content/VREditor/Sounds/UI/Gizmo_Handle_Clicked.uasset" 422
"../../../Engine/Content/VREditor/Sounds/UI/Gizmo_Handle_Clicked.uexp" 423
"../../../Engine/Content/VREditor/Sounds/UI/Object_PickUp.ubulk" 424
"../../../Engine/Content/VREditor/Sounds/UI/Object_PickUp.uasset" 425
"../../../Engine/Content/VREditor/Sounds/UI/Object_PickUp.uexp" 426
"../../../Engine/Content/VREditor/Sounds/UI/Object_Snaps_To_Another_Actor.ubulk" 427
"../../../Engine/Content/VREditor/Sounds/UI/Object_Snaps_To_Another_Actor.uasset" 428
"../../../Engine/Content/VREditor/Sounds/UI/Object_Snaps_To_Another_Actor.uexp" 429
"../../../Engine/Content/VREditor/Sounds/UI/Object_Snaps_To_Grid.ubulk" 430
"../../../Engine/Content/VREditor/Sounds/UI/Object_Snaps_To_Grid.uasset" 431
"../../../Engine/Content/VREditor/Sounds/UI/Object_Snaps_To_Grid.uexp" 432
"../../../Engine/Content/VREditor/Sounds/UI/Scaling_Down.ubulk" 433
"../../../Engine/Content/VREditor/Sounds/UI/Scaling_Down.uasset" 434
"../../../Engine/Content/VREditor/Sounds/UI/Scaling_Down.uexp" 435
"../../../Engine/Content/VREditor/Sounds/UI/Scaling_Up.ubulk" 436
"../../../Engine/Content/VREditor/Sounds/UI/Scaling_Up.uasset" 437
"../../../Engine/Content/VREditor/Sounds/UI/Scaling_Up.uexp" 438
"../../../Engine/Content/VREditor/Sounds/UI/Selection_Changes.ubulk" 439
"../../../Engine/Content/VREditor/Sounds/UI/Selection_Changes.uasset" 440
"../../../Engine/Content/VREditor/Sounds/UI/Selection_Changes.uexp" 441
"../../../Engine/Plugins/Animation/ControlRig/Content/Controls/ControlRig_Box_solid.ubulk" 442
"../../../Engine/Plugins/Animation/ControlRig/Content/Controls/ControlRig_Box_solid.uasset" 443
"../../../Engine/Plugins/Animation/ControlRig/Content/Controls/ControlRig_Box_solid.uexp" 444
"../../../Engine/Plugins/Animation/ControlRig/Content/Controls/ControlRig_Circle_1mm.ubulk" 445
"../../../Engine/Plugins/Animation/ControlRig/Content/Controls/ControlRig_Circle_1mm.uasset" 446
"../../../Engine/Plugins/Animation/ControlRig/Content/Controls/ControlRig_Circle_1mm.uexp" 447
"../../../Engine/Plugins/Animation/ControlRig/Content/Controls/ControlRig_Circle_3mm.ubulk" 448
"../../../Engine/Plugins/Animation/ControlRig/Content/Controls/ControlRig_Circle_3mm.uasset" 449
"../../../Engine/Plugins/Animation/ControlRig/Content/Controls/ControlRig_Circle_3mm.uexp" 450
"../../../Engine/Plugins/Animation/ControlRig/Content/Controls/ControlRigGizmoMaterial.uasset" 451
"../../../Engine/Plugins/Animation/ControlRig/Content/Controls/ControlRigGizmoMaterial.uexp" 452
"../../../Engine/Plugins/Animation/ControlRig/Content/Controls/ControlRig_Diamond_1mm.ubulk" 453
"../../../Engine/Plugins/Animation/ControlRig/Content/Controls/ControlRig_Diamond_1mm.uasset" 454
"../../../Engine/Plugins/Animation/ControlRig/Content/Controls/ControlRig_Diamond_1mm.uexp" 455
"../../../Engine/Plugins/Animation/ControlRig/Content/Controls/ControlRig_Diamond_3mm.ubulk" 456
"../../../Engine/Plugins/Animation/ControlRig/Content/Controls/ControlRig_Diamond_3mm.uasset" 457
"../../../Engine/Plugins/Animation/ControlRig/Content/Controls/ControlRig_Diamond_3mm.uexp" 458
"../../../Engine/Plugins/Animation/ControlRig/Content/Controls/ControlRig_Diamond_solid.ubulk" 459
"../../../Engine/Plugins/Animation/ControlRig/Content/Controls/ControlRig_Diamond_solid.uasset" 460
"../../../Engine/Plugins/Animation/ControlRig/Content/Controls/ControlRig_Diamond_solid.uexp" 461
"../../../Engine/Plugins/Animation/ControlRig/Content/Controls/ControlRig_HalfCircle_1mm.ubulk" 462
"../../../Engine/Plugins/Animation/ControlRig/Content/Controls/ControlRig_HalfCircle_1mm.uasset" 463
"../../../Engine/Plugins/Animation/ControlRig/Content/Controls/ControlRig_HalfCircle_1mm.uexp" 464
"../../../Engine/Plugins/Animation/ControlRig/Content/Controls/ControlRig_HalfCircle_3mm.ubulk" 465
"../../../Engine/Plugins/Animation/ControlRig/Content/Controls/ControlRig_HalfCircle_3mm.uasset" 466
"../../../Engine/Plugins/Animation/ControlRig/Content/Controls/ControlRig_HalfCircle_3mm.uexp" 467
"../../../Engine/Plugins/Animation/ControlRig/Content/Controls/ControlRig_Hexagon_1mm.ubulk" 468
"../../../Engine/Plugins/Animation/ControlRig/Content/Controls/ControlRig_Hexagon_1mm.uasset" 469
"../../../Engine/Plugins/Animation/ControlRig/Content/Controls/ControlRig_Hexagon_1mm.uexp" 470
"../../../Engine/Plugins/Animation/ControlRig/Content/Controls/ControlRig_Hexagon_3mm.ubulk" 471
"../../../Engine/Plugins/Animation/ControlRig/Content/Controls/ControlRig_Hexagon_3mm.uasset" 472
"../../../Engine/Plugins/Animation/ControlRig/Content/Controls/ControlRig_Hexagon_3mm.uexp" 473
"../../../Engine/Plugins/Animation/ControlRig/Content/Controls/ControlRig_Hexagon_solid.ubulk" 474
"../../../Engine/Plugins/Animation/ControlRig/Content/Controls/ControlRig_Hexagon_solid.uasset" 475
"../../../Engine/Plugins/Animation/ControlRig/Content/Controls/ControlRig_Hexagon_solid.uexp" 476
"../../../Engine/Plugins/Animation/ControlRig/Content/Controls/ControlRig_Octagon_1mm.ubulk" 477
"../../../Engine/Plugins/Animation/ControlRig/Content/Controls/ControlRig_Octagon_1mm.uasset" 478
"../../../Engine/Plugins/Animation/ControlRig/Content/Controls/ControlRig_Octagon_1mm.uexp" 479
"../../../Engine/Plugins/Animation/ControlRig/Content/Controls/ControlRig_Octagon_3mm.ubulk" 480
"../../../Engine/Plugins/Animation/ControlRig/Content/Controls/ControlRig_Octagon_3mm.uasset" 481
"../../../Engine/Plugins/Animation/ControlRig/Content/Controls/ControlRig_Octagon_3mm.uexp" 482
"../../../Engine/Plugins/Animation/ControlRig/Content/Controls/ControlRig_Octagon_solid.ubulk" 483
"../../../Engine/Plugins/Animation/ControlRig/Content/Controls/ControlRig_Octagon_solid.uasset" 484
"../../../Engine/Plugins/Animation/ControlRig/Content/Controls/ControlRig_Octagon_solid.uexp" 485
"../../../Engine/Plugins/Animation/ControlRig/Content/Controls/ControlRig_Pyramid_1mm.ubulk" 486
"../../../Engine/Plugins/Animation/ControlRig/Content/Controls/ControlRig_Pyramid_1mm.uasset" 487
"../../../Engine/Plugins/Animation/ControlRig/Content/Controls/ControlRig_Pyramid_1mm.uexp" 488
"../../../Engine/Plugins/Animation/ControlRig/Content/Controls/ControlRigXRayMaterial.uasset" 489
"../../../Engine/Plugins/Animation/ControlRig/Content/Controls/ControlRigXRayMaterial.uexp" 490
"../../../Engine/Plugins/Animation/ControlRig/Content/Controls/ControlRig_Pyramid_3mm.ubulk" 491
"../../../Engine/Plugins/Animation/ControlRig/Content/Controls/ControlRig_Pyramid_3mm.uasset" 492
"../../../Engine/Plugins/Animation/ControlRig/Content/Controls/ControlRig_Pyramid_3mm.uexp" 493
"../../../Engine/Plugins/Animation/ControlRig/Content/Controls/ControlRig_Arrow2_1mm.ubulk" 494
"../../../Engine/Plugins/Animation/ControlRig/Content/Controls/ControlRig_Arrow2_1mm.uasset" 495
"../../../Engine/Plugins/Animation/ControlRig/Content/Controls/ControlRig_Arrow2_1mm.uexp" 496
"../../../Engine/Plugins/Animation/ControlRig/Content/Controls/ControlRig_Arrow2_3mm.ubulk" 497
"../../../Engine/Plugins/Animation/ControlRig/Content/Controls/ControlRig_Arrow2_3mm.uasset" 498
"../../../Engine/Plugins/Animation/ControlRig/Content/Controls/ControlRig_Arrow2_3mm.uexp" 499
"../../../Engine/Plugins/Animation/ControlRig/Content/Controls/ControlRig_Arrow2_solid.ubulk" 500
"../../../Engine/Plugins/Animation/ControlRig/Content/Controls/ControlRig_Arrow2_solid.uasset" 501
"../../../Engine/Plugins/Animation/ControlRig/Content/Controls/ControlRig_Arrow2_solid.uexp" 502
"../../../Engine/Plugins/Animation/ControlRig/Content/Controls/ControlRig_QuarterCircle_1mm.ubulk" 503
"../../../Engine/Plugins/Animation/ControlRig/Content/Controls/ControlRig_QuarterCircle_1mm.uasset" 504
"../../../Engine/Plugins/Animation/ControlRig/Content/Controls/ControlRig_QuarterCircle_1mm.uexp" 505
"../../../Engine/Plugins/Animation/ControlRig/Content/Controls/ControlRig_QuarterCircle_3mm.ubulk" 506
"../../../Engine/Plugins/Animation/ControlRig/Content/Controls/ControlRig_QuarterCircle_3mm.uasset" 507
"../../../Engine/Plugins/Animation/ControlRig/Content/Controls/ControlRig_QuarterCircle_3mm.uexp" 508
"../../../Engine/Plugins/Animation/ControlRig/Content/Controls/ControlRig_Wedge_3mm.ubulk" 509
"../../../Engine/Plugins/Animation/ControlRig/Content/Controls/ControlRig_Wedge_3mm.uasset" 510
"../../../Engine/Plugins/Animation/ControlRig/Content/Controls/ControlRig_Wedge_3mm.uexp" 511
"../../../Engine/Plugins/Animation/ControlRig/Content/Controls/ControlRig_Wedge_solid.ubulk" 512
"../../../Engine/Plugins/Animation/ControlRig/Content/Controls/ControlRig_Wedge_solid.uasset" 513
"../../../Engine/Plugins/Animation/ControlRig/Content/Controls/ControlRig_Wedge_solid.uexp" 514
"../../../Engine/Plugins/Animation/ControlRig/Content/Controls/ControlRig_QuarterCircle_solid.ubulk" 515
"../../../Engine/Plugins/Animation/ControlRig/Content/Controls/ControlRig_QuarterCircle_solid.uasset" 516
"../../../Engine/Plugins/Animation/ControlRig/Content/Controls/ControlRig_QuarterCircle_solid.uexp" 517
"../../../Engine/Plugins/Animation/ControlRig/Content/Controls/ControlRig_RoundedSquare_1mm.ubulk" 518
"../../../Engine/Plugins/Animation/ControlRig/Content/Controls/ControlRig_RoundedSquare_1mm.uasset" 519
"../../../Engine/Plugins/Animation/ControlRig/Content/Controls/ControlRig_RoundedSquare_1mm.uexp" 520
"../../../Engine/Plugins/Animation/ControlRig/Content/Controls/ControlRig_RoundedSquare_3mm.ubulk" 521
"../../../Engine/Plugins/Animation/ControlRig/Content/Controls/ControlRig_RoundedSquare_3mm.uasset" 522
"../../../Engine/Plugins/Animation/ControlRig/Content/Controls/ControlRig_RoundedSquare_3mm.uexp" 523
"../../../Engine/Plugins/Animation/ControlRig/Content/Controls/ControlRig_RoundedTriangle_1mm.ubulk" 524
"../../../Engine/Plugins/Animation/ControlRig/Content/Controls/ControlRig_RoundedTriangle_1mm.uasset" 525
"../../../Engine/Plugins/Animation/ControlRig/Content/Controls/ControlRig_RoundedTriangle_1mm.uexp" 526
"../../../Engine/Plugins/Animation/ControlRig/Content/Controls/ControlRig_RoundedTriangle_3mm.ubulk" 527
"../../../Engine/Plugins/Animation/ControlRig/Content/Controls/ControlRig_RoundedTriangle_3mm.uasset" 528
"../../../Engine/Plugins/Animation/ControlRig/Content/Controls/ControlRig_RoundedTriangle_3mm.uexp" 529
"../../../Engine/Plugins/Animation/ControlRig/Content/Controls/ControlRig_RoundedTriangle_solid.ubulk" 530
"../../../Engine/Plugins/Animation/ControlRig/Content/Controls/ControlRig_RoundedTriangle_solid.uasset" 531
"../../../Engine/Plugins/Animation/ControlRig/Content/Controls/ControlRig_RoundedTriangle_solid.uexp" 532
"../../../Engine/Plugins/Animation/ControlRig/Content/Controls/ControlRig_Sphere_1mm.ubulk" 533
"../../../Engine/Plugins/Animation/ControlRig/Content/Controls/ControlRig_Sphere_1mm.uasset" 534
"../../../Engine/Plugins/Animation/ControlRig/Content/Controls/ControlRig_Sphere_1mm.uexp" 535
"../../../Engine/Plugins/Animation/ControlRig/Content/Controls/ControlRig_Sphere_3mm.ubulk" 536
"../../../Engine/Plugins/Animation/ControlRig/Content/Controls/ControlRig_Sphere_3mm.uasset" 537
"../../../Engine/Plugins/Animation/ControlRig/Content/Controls/ControlRig_Sphere_3mm.uexp" 538
"../../../Engine/Plugins/Animation/ControlRig/Content/Controls/ControlRig_Sphere_solid.ubulk" 539
"../../../Engine/Plugins/Animation/ControlRig/Content/Controls/ControlRig_Sphere_solid.uasset" 540
"../../../Engine/Plugins/Animation/ControlRig/Content/Controls/ControlRig_Sphere_solid.uexp" 541
"../../../Engine/Plugins/Animation/ControlRig/Content/Controls/ControlRig_Square_1mm.ubulk" 542
"../../../Engine/Plugins/Animation/ControlRig/Content/Controls/ControlRig_Square_1mm.uasset" 543
"../../../Engine/Plugins/Animation/ControlRig/Content/Controls/ControlRig_Square_1mm.uexp" 544
"../../../Engine/Plugins/Animation/ControlRig/Content/Controls/ControlRig_Square_3mm.ubulk" 545
"../../../Engine/Plugins/Animation/ControlRig/Content/Controls/ControlRig_Square_3mm.uasset" 546
"../../../Engine/Plugins/Animation/ControlRig/Content/Controls/ControlRig_Square_3mm.uexp" 547
"../../../Engine/Plugins/Animation/ControlRig/Content/Controls/ControlRig_Square_solid.ubulk" 548
"../../../Engine/Plugins/Animation/ControlRig/Content/Controls/ControlRig_Square_solid.uasset" 549
"../../../Engine/Plugins/Animation/ControlRig/Content/Controls/ControlRig_Square_solid.uexp" 550
"../../../Engine/Plugins/Animation/ControlRig/Content/Controls/ControlRig_Star4_1mm.ubulk" 551
"../../../Engine/Plugins/Animation/ControlRig/Content/Controls/ControlRig_Star4_1mm.uasset" 552
"../../../Engine/Plugins/Animation/ControlRig/Content/Controls/ControlRig_Star4_1mm.uexp" 553
"../../../Engine/Plugins/Animation/ControlRig/Content/Controls/ControlRig_Star4_3mm.ubulk" 554
"../../../Engine/Plugins/Animation/ControlRig/Content/Controls/ControlRig_Star4_3mm.uasset" 555
"../../../Engine/Plugins/Animation/ControlRig/Content/Controls/ControlRig_Star4_3mm.uexp" 556
"../../../Engine/Plugins/Animation/ControlRig/Content/Controls/ControlRig_Triangle_1mm.ubulk" 557
"../../../Engine/Plugins/Animation/ControlRig/Content/Controls/ControlRig_Triangle_1mm.uasset" 558
"../../../Engine/Plugins/Animation/ControlRig/Content/Controls/ControlRig_Triangle_1mm.uexp" 559
"../../../Engine/Plugins/Animation/ControlRig/Content/Controls/ControlRig_Triangle_3mm.ubulk" 560
"../../../Engine/Plugins/Animation/ControlRig/Content/Controls/ControlRig_Triangle_3mm.uasset" 561
"../../../Engine/Plugins/Animation/ControlRig/Content/Controls/ControlRig_Triangle_3mm.uexp" 562
"../../../Engine/Plugins/Animation/ControlRig/Content/Controls/ControlRig_Wedge_1mm.ubulk" 563
"../../../Engine/Plugins/Animation/ControlRig/Content/Controls/ControlRig_Wedge_1mm.uasset" 564
"../../../Engine/Plugins/Animation/ControlRig/Content/Controls/ControlRig_Wedge_1mm.uexp" 565
"../../../Engine/Content/Functions/Engine_MaterialFunctions02/Utility/CameraDirectionVector.uasset" 566
"../../../Engine/Content/Functions/Engine_MaterialFunctions02/Utility/CameraDirectionVector.uexp" 567
"../../../Engine/Content/Functions/Engine_MaterialFunctions02/Utility/VectorLength.uasset" 568
"../../../Engine/Content/Functions/Engine_MaterialFunctions02/Utility/VectorLength.uexp" 569
"../../../Engine/Plugins/Experimental/MeshModelingToolsetExp/Content/Materials/GetDisplacementVectorForDepthBias.uasset" 570
"../../../Engine/Plugins/Experimental/MeshModelingToolsetExp/Content/Materials/GetDisplacementVectorForDepthBias.uexp" 571
"../../../Engine/Content/Functions/Engine_MaterialFunctions03/Viewport/MF_OrthoWidth.uasset" 572
"../../../Engine/Content/Functions/Engine_MaterialFunctions03/Viewport/MF_OrthoWidth.uexp" 573
"../../../Engine/Content/Functions/Engine_MaterialFunctions02/Utility/FOV.uasset" 574
"../../../Engine/Content/Functions/Engine_MaterialFunctions02/Utility/FOV.uexp" 575
"../../../Engine/Content/Functions/Engine_MaterialFunctions02/WorldPositionOffset/V2/ObjectScale.uasset" 576
"../../../Engine/Content/Functions/Engine_MaterialFunctions02/WorldPositionOffset/V2/ObjectScale.uexp" 577
"../../../Engine/Plugins/Experimental/MeshModelingToolsetExp/Content/Materials/PointSetOverlaidComponentMaterial.uasset" 578
"../../../Engine/Plugins/Experimental/MeshModelingToolsetExp/Content/Materials/PointSetOverlaidComponentMaterial.uexp" 579
"../../../Engine/Plugins/Animation/DeformerGraph/Content/DeformerFunctions/DG_Function_LinearBlendSkin_Morph_Cloth.uasset" 580
"../../../Engine/Plugins/Animation/DeformerGraph/Content/DeformerFunctions/DG_Function_LinearBlendSkin_Morph_Cloth.uexp" 581
"../../../Engine/Plugins/Animation/DeformerGraph/Content/Deformers/DG_LinearBlendSkin_Morph_Cloth.uasset" 582
"../../../Engine/Plugins/Animation/DeformerGraph/Content/Deformers/DG_LinearBlendSkin_Morph_Cloth.uexp" 583
"../../../Engine/Plugins/Animation/DeformerGraph/Content/DeformerFunctions/DG_Function_ComputeNormalsTangents.uasset" 584
"../../../Engine/Plugins/Animation/DeformerGraph/Content/DeformerFunctions/DG_Function_ComputeNormalsTangents.uexp" 585
"../../../Engine/Plugins/Animation/DeformerGraph/Content/DeformerFunctions/DG_Function_LinearBlendSkin_Morph_Cloth_PositionOnly.uasset" 586
"../../../Engine/Plugins/Animation/DeformerGraph/Content/DeformerFunctions/DG_Function_LinearBlendSkin_Morph_Cloth_PositionOnly.uexp" 587
"../../../Engine/Plugins/Animation/DeformerGraph/Content/Deformers/DG_LinearBlendSkin_Morph_Cloth_RecomputeNormals.uasset" 588
"../../../Engine/Plugins/Animation/DeformerGraph/Content/Deformers/DG_LinearBlendSkin_Morph_Cloth_RecomputeNormals.uexp" 589
"../../../Engine/Plugins/Interchange/Assets/Content/Functions/MX_DielectricBSDF.uasset" 590
"../../../Engine/Plugins/Interchange/Assets/Content/Functions/MX_DielectricBSDF.uexp" 591
"../../../Engine/Content/Functions/Engine_MaterialFunctions02/WorldPositionOffset/ObjectScale.uasset" 592
"../../../Engine/Content/Functions/Engine_MaterialFunctions02/WorldPositionOffset/ObjectScale.uexp" 593
"../../../Engine/Plugins/Editor/SpeedTreeImporter/Content/SpeedTree9/Empty.uasset" 594
"../../../Engine/Plugins/Editor/SpeedTreeImporter/Content/SpeedTree9/Empty.uexp" 595
"../../../Engine/Plugins/Editor/SpeedTreeImporter/Content/SpeedTree9/EmptyNormal.uasset" 596
"../../../Engine/Plugins/Editor/SpeedTreeImporter/Content/SpeedTree9/EmptyNormal.uexp" 597
"../../../Engine/Plugins/Editor/SpeedTreeImporter/Content/SpeedTree9/game_wind_noise.ubulk" 598
"../../../Engine/Plugins/Editor/SpeedTreeImporter/Content/SpeedTree9/game_wind_noise.uasset" 599
"../../../Engine/Plugins/Editor/SpeedTreeImporter/Content/SpeedTree9/game_wind_noise.uexp" 600
"../../../Engine/Plugins/Editor/SpeedTreeImporter/Content/SpeedTree9/SpeedTreeBillboard.uasset" 601
"../../../Engine/Plugins/Editor/SpeedTreeImporter/Content/SpeedTree9/SpeedTreeBillboard.uexp" 602
"../../../Engine/Content/Functions/Engine_MaterialFunctions02/SafeNormalize.uasset" 603
"../../../Engine/Content/Functions/Engine_MaterialFunctions02/SafeNormalize.uexp" 604
"../../../Engine/Plugins/Editor/SpeedTreeImporter/Content/SpeedTree9/SpeedTreeWindMotion.uasset" 605
"../../../Engine/Plugins/Editor/SpeedTreeImporter/Content/SpeedTree9/SpeedTreeWindMotion.uexp" 606
"../../../Engine/Plugins/Editor/SpeedTreeImporter/Content/SpeedTree9/UnpackDirection.uasset" 607
"../../../Engine/Plugins/Editor/SpeedTreeImporter/Content/SpeedTree9/UnpackDirection.uexp" 608
"../../../Engine/Plugins/Editor/SpeedTreeImporter/Content/SpeedTree9/UnpackInteger3.uasset" 609
"../../../Engine/Plugins/Editor/SpeedTreeImporter/Content/SpeedTree9/UnpackInteger3.uexp" 610
"../../../Engine/Plugins/Editor/SpeedTreeImporter/Content/SpeedTree9/SpeedTreeBranchMotion.uasset" 611
"../../../Engine/Plugins/Editor/SpeedTreeImporter/Content/SpeedTree9/SpeedTreeBranchMotion.uexp" 612
"../../../Engine/Content/Functions/Engine_MaterialFunctions02/ObjectLocalBounds.uasset" 613
"../../../Engine/Content/Functions/Engine_MaterialFunctions02/ObjectLocalBounds.uexp" 614
"../../../Engine/Content/Functions/Engine_MaterialFunctions02/UVs/BoundingBoxBased_0-1_UVW.uasset" 615
"../../../Engine/Content/Functions/Engine_MaterialFunctions02/UVs/BoundingBoxBased_0-1_UVW.uexp" 616
"../../../Engine/Plugins/Editor/SpeedTreeImporter/Content/SpeedTree9/SpeedTreeWind.uasset" 617
"../../../Engine/Plugins/Editor/SpeedTreeImporter/Content/SpeedTree9/SpeedTreeWind.uexp" 618
"../../../Engine/Plugins/Editor/SpeedTreeImporter/Content/SpeedTree9/SpeedTreeBillboardMaster.uasset" 619
"../../../Engine/Plugins/Editor/SpeedTreeImporter/Content/SpeedTree9/SpeedTreeBillboardMaster.uexp" 620
"../../../Engine/Plugins/Editor/SpeedTreeImporter/Content/SpeedTree9/SpeedTreeCameraFacing.uasset" 621
"../../../Engine/Plugins/Editor/SpeedTreeImporter/Content/SpeedTree9/SpeedTreeCameraFacing.uexp" 622
"../../../Engine/Plugins/Editor/SpeedTreeImporter/Content/SpeedTree9/SpeedTreeMaster.uasset" 623
"../../../Engine/Plugins/Editor/SpeedTreeImporter/Content/SpeedTree9/SpeedTreeMaster.uexp" 624
"../../../Engine/Plugins/Interchange/Assets/Content/Functions/MX_AbsorptionVDF.uasset" 625
"../../../Engine/Plugins/Interchange/Assets/Content/Functions/MX_AbsorptionVDF.uexp" 626
"../../../Engine/Plugins/Interchange/Assets/Content/Functions/MX_AnisotropicVDF.uasset" 627
"../../../Engine/Plugins/Interchange/Assets/Content/Functions/MX_AnisotropicVDF.uexp" 628
"../../../Engine/Plugins/Interchange/Assets/Content/Functions/MX_BurleyDiffuseBSDF.uasset" 629
"../../../Engine/Plugins/Interchange/Assets/Content/Functions/MX_BurleyDiffuseBSDF.uexp" 630
"../../../Engine/Plugins/Interchange/Assets/Content/Functions/MX_ChiangHairBSDF.uasset" 631
"../../../Engine/Plugins/Interchange/Assets/Content/Functions/MX_ChiangHairBSDF.uexp" 632
"../../../Engine/Plugins/Interchange/Assets/Content/Functions/MX_ConductorBSDF.uasset" 633
"../../../Engine/Plugins/Interchange/Assets/Content/Functions/MX_ConductorBSDF.uexp" 634
"../../../Engine/Plugins/Interchange/Assets/Content/Functions/MX_ConicalEDF.uasset" 635
"../../../Engine/Plugins/Interchange/Assets/Content/Functions/MX_ConicalEDF.uexp" 636
"../../../Engine/Content/EngineDebugMaterials/M_SimpleUnlitTranslucent.uasset" 637
"../../../Engine/Content/EngineDebugMaterials/M_SimpleUnlitTranslucent.uexp" 638
"../../../Engine/Content/EngineDebugMaterials/VolumeToRender.uasset" 639
"../../../Engine/Content/EngineDebugMaterials/VolumeToRender.uexp" 640
"../../../Engine/Content/EngineDebugMaterials/M_VolumeRenderSphereTracePP.uasset" 641
"../../../Engine/Content/EngineDebugMaterials/M_VolumeRenderSphereTracePP.uexp" 642
"../../../Engine/Plugins/Interchange/Assets/Content/Substrate/MX_SimpleVolume.uasset" 643
"../../../Engine/Plugins/Interchange/Assets/Content/Substrate/MX_SimpleVolume.uexp" 644
"../../../Engine/Plugins/Runtime/AudioWidgets/Content/Resources/ScrubHandleDown_Clamped.uasset" 645
"../../../Engine/Plugins/Runtime/AudioWidgets/Content/Resources/ScrubHandleDown_Clamped.uexp" 646
"../../../Engine/Plugins/Runtime/HairStrands/Content/Materials/HairCardsDefaultMaterial.uasset" 647
"../../../Engine/Plugins/Runtime/HairStrands/Content/Materials/HairCardsDefaultMaterial.uexp" 648
"../../../Engine/Content/Functions/Engine_MaterialFunctions02/Utility/MakeFloat2.uasset" 649
"../../../Engine/Content/Functions/Engine_MaterialFunctions02/Utility/MakeFloat2.uexp" 650
"../../../Engine/Content/EngineMaterials/HairColorMap.uasset" 651
"../../../Engine/Content/EngineMaterials/HairColorMap.uexp" 652
"../../../Engine/Content/EngineMaterials/HairDebugColor.uasset" 653
"../../../Engine/Content/EngineMaterials/HairDebugColor.uexp" 654
"../../../Engine/Plugins/Runtime/HairStrands/Content/Materials/HairGroupColors.uasset" 655
"../../../Engine/Plugins/Runtime/HairStrands/Content/Materials/HairGroupColors.uexp" 656
"../../../Engine/Plugins/Runtime/HairStrands/Content/Materials/HairDebugMaterial.uasset" 657
"../../../Engine/Plugins/Runtime/HairStrands/Content/Materials/HairDebugMaterial.uexp" 658
"../../../Engine/Plugins/Runtime/HairStrands/Content/Materials/HairDefaultMaterial.uasset" 659
"../../../Engine/Plugins/Runtime/HairStrands/Content/Materials/HairDefaultMaterial.uexp" 660
"../../../Engine/Plugins/Runtime/HairStrands/Content/Materials/HairMeshesDefaultMaterial.uasset" 661
"../../../Engine/Plugins/Runtime/HairStrands/Content/Materials/HairMeshesDefaultMaterial.uexp" 662
"../../../Engine/Plugins/Interchange/Assets/Content/Functions/MX_Displacement.uasset" 663
"../../../Engine/Plugins/Interchange/Assets/Content/Functions/MX_Displacement.uexp" 664
"../../../Engine/Plugins/Interchange/Assets/Content/Functions/MX_GeneralizedSchlickBSDF.uasset" 665
"../../../Engine/Plugins/Interchange/Assets/Content/Functions/MX_GeneralizedSchlickBSDF.uexp" 666
"../../../Engine/Content/EditorMaterials/Camera/CineMat.uasset" 667
"../../../Engine/Content/EditorMaterials/Camera/CineMat.uexp" 668
"../../../Engine/Content/EditorMaterials/Camera/MI_CineMat_Rig.uasset" 669
"../../../Engine/Content/EditorMaterials/Camera/MI_CineMat_Rig.uexp" 670
"../../../Engine/Content/EditorMeshes/Camera/SM_CraneRig_Arm.ubulk" 671
"../../../Engine/Content/EditorMeshes/Camera/SM_CraneRig_Arm.uasset" 672
"../../../Engine/Content/EditorMeshes/Camera/SM_CraneRig_Arm.uexp" 673
"../../../Engine/Content/EditorMeshes/Camera/SM_CraneRig_Base.ubulk" 674
"../../../Engine/Content/EditorMeshes/Camera/SM_CraneRig_Base.uasset" 675
"../../../Engine/Content/EditorMeshes/Camera/SM_CraneRig_Base.uexp" 676
"../../../Engine/Content/EditorMeshes/Camera/SM_CraneRig_Body.ubulk" 677
"../../../Engine/Content/EditorMeshes/Camera/SM_CraneRig_Body.uasset" 678
"../../../Engine/Content/EditorMeshes/Camera/SM_CraneRig_Body.uexp" 679
"../../../Engine/Content/EditorMeshes/Camera/SM_CraneRig_Mount.ubulk" 680
"../../../Engine/Content/EditorMeshes/Camera/SM_CraneRig_Mount.uasset" 681
"../../../Engine/Content/EditorMeshes/Camera/SM_CraneRig_Mount.uexp" 682
"../../../Engine/Content/EditorMeshes/Camera/SM_RailRig_Mount.ubulk" 683
"../../../Engine/Content/EditorMeshes/Camera/SM_RailRig_Mount.uasset" 684
"../../../Engine/Content/EditorMeshes/Camera/SM_RailRig_Mount.uexp" 685
"../../../Engine/Content/EditorMeshes/Camera/SM_RailRig_Track.ubulk" 686
"../../../Engine/Content/EditorMeshes/Camera/SM_RailRig_Track.uasset" 687
"../../../Engine/Content/EditorMeshes/Camera/SM_RailRig_Track.uexp" 688
"../../../Engine/Content/EditorResources/SequenceRecorder/Countdown.uasset" 689
"../../../Engine/Content/EditorResources/SequenceRecorder/Countdown.uexp" 690
"../../../Engine/Content/EngineMaterials/EnergyConservation/Diffuse_Energy.uasset" 691
"../../../Engine/Content/EngineMaterials/EnergyConservation/Diffuse_Energy.uexp" 692
"../../../Engine/Content/EngineMaterials/EnergyConservation/GGX_ReflectionEnergy.uasset" 693
"../../../Engine/Content/EngineMaterials/EnergyConservation/GGX_ReflectionEnergy.uexp" 694
"../../../Engine/Content/EngineMaterials/EnergyConservation/GGX_TransmissionEnergyArray.uasset" 695
"../../../Engine/Content/EngineMaterials/EnergyConservation/GGX_TransmissionEnergyArray.uexp" 696
"../../../Engine/Content/EngineMaterials/EnergyConservation/SheenLegacy_Energy.uasset" 697
"../../../Engine/Content/EngineMaterials/EnergyConservation/SheenLegacy_Energy.uexp" 698
"../../../Engine/Content/EngineMaterials/EnergyConservation/Sheen_Energy.uasset" 699
"../../../Engine/Content/EngineMaterials/EnergyConservation/Sheen_Energy.uexp" 700
"../../../Engine/Content/EngineMaterials/LTC/GGX_LTCAmp.uasset" 701
"../../../Engine/Content/EngineMaterials/LTC/GGX_LTCAmp.uexp" 702
"../../../Engine/Content/EngineMaterials/LTC/GGX_LTCMat.uasset" 703
"../../../Engine/Content/EngineMaterials/LTC/GGX_LTCMat.uexp" 704
"../../../Engine/Content/EngineMaterials/LTC/Sheen_LTC.uasset" 705
"../../../Engine/Content/EngineMaterials/LTC/Sheen_LTC.uexp" 706
"../../../Engine/Content/EditorResources/SequenceRecorder/RecordingIndicator.uasset" 707
"../../../Engine/Content/EditorResources/SequenceRecorder/RecordingIndicator.uexp" 708
"../../../Engine/Content/EngineResources/Development/ZenLogo_64.uasset" 709
"../../../Engine/Content/EngineResources/Development/ZenLogo_64.uexp" 710
"../../../Engine/Content/EngineResources/FilmGrains/Marcie_Grain_v3_128_M2_000.uasset" 711
"../../../Engine/Content/EngineResources/FilmGrains/Marcie_Grain_v3_128_M2_000.uexp" 712
"../../../Engine/Content/VREditor/TransformGizmo/BoundingBoxCorner.ubulk" 713
"../../../Engine/Content/VREditor/TransformGizmo/BoundingBoxCorner.uasset" 714
"../../../Engine/Content/VREditor/TransformGizmo/BoundingBoxCorner.uexp" 715
"../../../Engine/Content/VREditor/TransformGizmo/BoundingBoxEdge.ubulk" 716
"../../../Engine/Content/VREditor/TransformGizmo/BoundingBoxEdge.uasset" 717
"../../../Engine/Content/VREditor/TransformGizmo/BoundingBoxEdge.uexp" 718
"../../../Engine/Plugins/Interchange/Assets/Content/Functions/MX_MeasuredEDF.uasset" 719
"../../../Engine/Plugins/Interchange/Assets/Content/Functions/MX_MeasuredEDF.uexp" 720
"../../../Engine/Plugins/Interchange/Assets/Content/Functions/MF_IridescenceNoLUT.uasset" 721
"../../../Engine/Plugins/Interchange/Assets/Content/Functions/MF_IridescenceNoLUT.uexp" 722
"../../../Engine/Plugins/Interchange/Assets/Content/Functions/MX_StandardSurface.uasset" 723
"../../../Engine/Plugins/Interchange/Assets/Content/Functions/MX_StandardSurface.uexp" 724
"../../../Engine/Plugins/Interchange/Assets/Content/Functions/MX_OpenPBR_Opaque.uasset" 725
"../../../Engine/Plugins/Interchange/Assets/Content/Functions/MX_OpenPBR_Opaque.uexp" 726
"../../../Engine/Plugins/Interchange/Assets/Content/Functions/MX_TransmissionSurface.uasset" 727
"../../../Engine/Plugins/Interchange/Assets/Content/Functions/MX_TransmissionSurface.uexp" 728
"../../../Engine/Plugins/Interchange/Assets/Content/Functions/MX_OpenPBR_Translucent.uasset" 729
"../../../Engine/Plugins/Interchange/Assets/Content/Functions/MX_OpenPBR_Translucent.uexp" 730
"../../../Engine/Plugins/Interchange/Assets/Content/Functions/MX_OrenNayarBSDF.uasset" 731
"../../../Engine/Plugins/Interchange/Assets/Content/Functions/MX_OrenNayarBSDF.uexp" 732
"../../../Engine/Plugins/Interchange/Assets/Content/Functions/MX_SheenBSDF.uasset" 733
"../../../Engine/Plugins/Interchange/Assets/Content/Functions/MX_SheenBSDF.uexp" 734
"../../../Engine/Plugins/Interchange/Assets/Content/Functions/MX_SubsurfaceBSDF.uasset" 735
"../../../Engine/Plugins/Interchange/Assets/Content/Functions/MX_SubsurfaceBSDF.uexp" 736
"../../../Engine/Plugins/Interchange/Assets/Content/Functions/MX_Surface.uasset" 737
"../../../Engine/Plugins/Interchange/Assets/Content/Functions/MX_Surface.uexp" 738
"../../../Engine/Plugins/Interchange/Assets/Content/Functions/MX_SurfaceUnlit.uasset" 739
"../../../Engine/Plugins/Interchange/Assets/Content/Functions/MX_SurfaceUnlit.uexp" 740
"../../../Engine/Plugins/Interchange/Assets/Content/Functions/MX_TranslucentBSDF.uasset" 741
"../../../Engine/Plugins/Interchange/Assets/Content/Functions/MX_TranslucentBSDF.uexp" 742
"../../../Engine/Plugins/Interchange/Assets/Content/Functions/MX_UniformEDF.uasset" 743
"../../../Engine/Plugins/Interchange/Assets/Content/Functions/MX_UniformEDF.uexp" 744
"../../../Engine/Plugins/Interchange/Assets/Content/Functions/MX_UsdPreviewSurface.uasset" 745
"../../../Engine/Plugins/Interchange/Assets/Content/Functions/MX_UsdPreviewSurface.uexp" 746
"../../../Engine/Content/EditorMaterials/Dataflow/DataflowTwoSidedVertexMaterial.uasset" 747
"../../../Engine/Content/EditorMaterials/Dataflow/DataflowTwoSidedVertexMaterial.uexp" 748
"../../../Engine/Content/EditorMaterials/Dataflow/DataflowVertexMaterial.uasset" 749
"../../../Engine/Content/EditorMaterials/Dataflow/DataflowVertexMaterial.uexp" 750
"../../../Engine/Content/EditorMaterials/ParticleSystems/PSysThumbnail_NoImage.ubulk" 751
"../../../Engine/Content/EditorMaterials/ParticleSystems/PSysThumbnail_NoImage.uasset" 752
"../../../Engine/Content/EditorMaterials/ParticleSystems/PSysThumbnail_NoImage.uexp" 753
"../../../Engine/Content/EditorMaterials/ParticleSystems/PSysThumbnail_OOD.ubulk" 754
"../../../Engine/Content/EditorMaterials/ParticleSystems/PSysThumbnail_OOD.uasset" 755
"../../../Engine/Content/EditorMaterials/ParticleSystems/PSysThumbnail_OOD.uexp" 756
"../../../Engine/Content/Functions/Engine_MaterialFunctions01/Texturing/FlattenNormal.uasset" 757
"../../../Engine/Content/Functions/Engine_MaterialFunctions01/Texturing/FlattenNormal.uexp" 758
"../../../Engine/Plugins/Interchange/Assets/Content/Utilities/New_LUT.uasset" 759
"../../../Engine/Plugins/Interchange/Assets/Content/Utilities/New_LUT.uexp" 760
"../../../Engine/Content/Functions/Engine_MaterialFunctions03/Math/RemapValueRange.uasset" 761
"../../../Engine/Content/Functions/Engine_MaterialFunctions03/Math/RemapValueRange.uexp" 762
"../../../Engine/Plugins/Interchange/Assets/Content/Functions/MF_Iridescence.uasset" 763
"../../../Engine/Plugins/Interchange/Assets/Content/Functions/MF_Iridescence.uexp" 764
"../../../Engine/Plugins/Interchange/Assets/Content/gltf/Textures/T_White_srgb.uasset" 765
"../../../Engine/Plugins/Interchange/Assets/Content/gltf/Textures/T_White_srgb.uexp" 766
"../../../Engine/Plugins/Interchange/Assets/Content/gltf/MaterialFunctions/MF_BaseColor.uasset" 767
"../../../Engine/Plugins/Interchange/Assets/Content/gltf/MaterialFunctions/MF_BaseColor.uexp" 768
"../../../Engine/Plugins/Interchange/Assets/Content/gltf/MaterialFunctions/MF_RotateNormals_TS.uasset" 769
"../../../Engine/Plugins/Interchange/Assets/Content/gltf/MaterialFunctions/MF_RotateNormals_TS.uexp" 770
"../../../Engine/Plugins/Interchange/Assets/Content/gltf/Textures/T_Generic_N.uasset" 771
"../../../Engine/Plugins/Interchange/Assets/Content/gltf/Textures/T_Generic_N.uexp" 772
"../../../Engine/Plugins/Interchange/Assets/Content/gltf/Textures/T_White_Linear.uasset" 773
"../../../Engine/Plugins/Interchange/Assets/Content/gltf/Textures/T_White_Linear.uexp" 774
"../../../Engine/Plugins/Interchange/Assets/Content/gltf/MaterialFunctions/MF_Clearcoat.uasset" 775
"../../../Engine/Plugins/Interchange/Assets/Content/gltf/MaterialFunctions/MF_Clearcoat.uexp" 776
"../../../Engine/Plugins/Interchange/Assets/Content/gltf/MaterialFunctions/MF_Emissive.uasset" 777
"../../../Engine/Plugins/Interchange/Assets/Content/gltf/MaterialFunctions/MF_Emissive.uexp" 778
"../../../Engine/Plugins/Interchange/Assets/Content/gltf/MaterialFunctions/MF_IOR.uasset" 779
"../../../Engine/Plugins/Interchange/Assets/Content/gltf/MaterialFunctions/MF_IOR.uexp" 780
"../../../Engine/Plugins/Interchange/Assets/Content/gltf/MaterialFunctions/MF_Iridescence.uasset" 781
"../../../Engine/Plugins/Interchange/Assets/Content/gltf/MaterialFunctions/MF_Iridescence.uexp" 782
"../../../Engine/Plugins/Interchange/Assets/Content/gltf/MaterialFunctions/MF_MetallicRoughness.uasset" 783
"../../../Engine/Plugins/Interchange/Assets/Content/gltf/MaterialFunctions/MF_MetallicRoughness.uexp" 784
"../../../Engine/Plugins/Interchange/Assets/Content/gltf/MaterialFunctions/MF_ScaleNormal.uasset" 785
"../../../Engine/Plugins/Interchange/Assets/Content/gltf/MaterialFunctions/MF_ScaleNormal.uexp" 786
"../../../Engine/Plugins/Interchange/Assets/Content/gltf/MaterialFunctions/MF_Normals.uasset" 787
"../../../Engine/Plugins/Interchange/Assets/Content/gltf/MaterialFunctions/MF_Normals.uexp" 788
"../../../Engine/Plugins/Interchange/Assets/Content/gltf/MaterialFunctions/MF_Occlusion.uasset" 789
"../../../Engine/Plugins/Interchange/Assets/Content/gltf/MaterialFunctions/MF_Occlusion.uexp" 790
"../../../Engine/Plugins/Interchange/Assets/Content/gltf/MaterialFunctions/MF_Specular.uasset" 791
"../../../Engine/Plugins/Interchange/Assets/Content/gltf/MaterialFunctions/MF_Specular.uexp" 792
"../../../Engine/Plugins/Interchange/Assets/Content/gltf/Textures/T_Anisotropy_Direction_Linear.uasset" 793
"../../../Engine/Plugins/Interchange/Assets/Content/gltf/Textures/T_Anisotropy_Direction_Linear.uexp" 794
"../../../Engine/Plugins/Interchange/Assets/Content/gltf/MaterialFunctions/MF_SpecularAnisotropy.uasset" 795
"../../../Engine/Plugins/Interchange/Assets/Content/gltf/MaterialFunctions/MF_SpecularAnisotropy.uexp" 796
"../../../Engine/Plugins/Interchange/Assets/Content/gltf/MaterialFunctions/MF_RotateV2.uasset" 797
"../../../Engine/Plugins/Interchange/Assets/Content/gltf/MaterialFunctions/MF_RotateV2.uexp" 798
"../../../Engine/Plugins/Interchange/Assets/Content/gltf/MaterialFunctions/MF_TransformUVs.uasset" 799
"../../../Engine/Plugins/Interchange/Assets/Content/gltf/MaterialFunctions/MF_TransformUVs.uexp" 800
"../../../Engine/Plugins/Interchange/Assets/Content/gltf/MaterialBodies/MF_ClearCoat_Body.uasset" 801
"../../../Engine/Plugins/Interchange/Assets/Content/gltf/MaterialBodies/MF_ClearCoat_Body.uexp" 802
"../../../Engine/Plugins/Interchange/Assets/Content/gltf/M_ClearCoat.uasset" 803
"../../../Engine/Plugins/Interchange/Assets/Content/gltf/M_ClearCoat.uexp" 804
"../../../Engine/Plugins/Interchange/Assets/Content/gltf/MaterialInstances/MI_ClearCoat_Blend.uasset" 805
"../../../Engine/Plugins/Interchange/Assets/Content/gltf/MaterialInstances/MI_ClearCoat_Blend.uexp" 806
"../../../Engine/Plugins/Interchange/Assets/Content/gltf/MaterialInstances/MI_ClearCoat_Blend_DS.uasset" 807
"../../../Engine/Plugins/Interchange/Assets/Content/gltf/MaterialInstances/MI_ClearCoat_Blend_DS.uexp" 808
"../../../Engine/Plugins/Interchange/Assets/Content/gltf/MaterialInstances/MI_ClearCoat_Mask.uasset" 809
"../../../Engine/Plugins/Interchange/Assets/Content/gltf/MaterialInstances/MI_ClearCoat_Mask.uexp" 810
"../../../Engine/Plugins/Interchange/Assets/Content/gltf/MaterialInstances/MI_ClearCoat_Mask_DS.uasset" 811
"../../../Engine/Plugins/Interchange/Assets/Content/gltf/MaterialInstances/MI_ClearCoat_Mask_DS.uexp" 812
"../../../Engine/Plugins/Interchange/Assets/Content/gltf/MaterialInstances/MI_ClearCoat_Opaque.uasset" 813
"../../../Engine/Plugins/Interchange/Assets/Content/gltf/MaterialInstances/MI_ClearCoat_Opaque.uexp" 814
"../../../Engine/Plugins/Interchange/Assets/Content/gltf/MaterialInstances/MI_ClearCoat_Opaque_DS.uasset" 815
"../../../Engine/Plugins/Interchange/Assets/Content/gltf/MaterialInstances/MI_ClearCoat_Opaque_DS.uexp" 816
"../../../Engine/Plugins/Interchange/Assets/Content/gltf/MaterialBodies/MF_Default_Body.uasset" 817
"../../../Engine/Plugins/Interchange/Assets/Content/gltf/MaterialBodies/MF_Default_Body.uexp" 818
"../../../Engine/Plugins/Interchange/Assets/Content/gltf/M_Default.uasset" 819
"../../../Engine/Plugins/Interchange/Assets/Content/gltf/M_Default.uexp" 820
"../../../Engine/Plugins/Interchange/Assets/Content/gltf/MaterialInstances/MI_Default_Blend.uasset" 821
"../../../Engine/Plugins/Interchange/Assets/Content/gltf/MaterialInstances/MI_Default_Blend.uexp" 822
"../../../Engine/Plugins/Interchange/Assets/Content/gltf/MaterialInstances/MI_Default_Blend_DS.uasset" 823
"../../../Engine/Plugins/Interchange/Assets/Content/gltf/MaterialInstances/MI_Default_Blend_DS.uexp" 824
"../../../Engine/Plugins/Interchange/Assets/Content/gltf/MaterialInstances/MI_Default_Mask.uasset" 825
"../../../Engine/Plugins/Interchange/Assets/Content/gltf/MaterialInstances/MI_Default_Mask.uexp" 826
"../../../Engine/Plugins/Interchange/Assets/Content/gltf/MaterialInstances/MI_Default_Mask_DS.uasset" 827
"../../../Engine/Plugins/Interchange/Assets/Content/gltf/MaterialInstances/MI_Default_Mask_DS.uexp" 828
"../../../Engine/Plugins/Interchange/Assets/Content/gltf/MaterialInstances/MI_Default_Opaque.uasset" 829
"../../../Engine/Plugins/Interchange/Assets/Content/gltf/MaterialInstances/MI_Default_Opaque.uexp" 830
"../../../Engine/Plugins/Interchange/Assets/Content/gltf/MaterialInstances/MI_Default_Opaque_DS.uasset" 831
"../../../Engine/Plugins/Interchange/Assets/Content/gltf/MaterialInstances/MI_Default_Opaque_DS.uexp" 832
"../../../Engine/Plugins/Interchange/Assets/Content/gltf/MaterialFunctions/MF_Sheen.uasset" 833
"../../../Engine/Plugins/Interchange/Assets/Content/gltf/MaterialFunctions/MF_Sheen.uexp" 834
"../../../Engine/Plugins/Interchange/Assets/Content/gltf/MaterialBodies/MF_Sheen_Body.uasset" 835
"../../../Engine/Plugins/Interchange/Assets/Content/gltf/MaterialBodies/MF_Sheen_Body.uexp" 836
"../../../Engine/Plugins/Interchange/Assets/Content/gltf/M_Sheen.uasset" 837
"../../../Engine/Plugins/Interchange/Assets/Content/gltf/M_Sheen.uexp" 838
"../../../Engine/Plugins/Interchange/Assets/Content/gltf/MaterialInstances/MI_Sheen_Blend.uasset" 839
"../../../Engine/Plugins/Interchange/Assets/Content/gltf/MaterialInstances/MI_Sheen_Blend.uexp" 840
"../../../Engine/Plugins/Interchange/Assets/Content/gltf/MaterialInstances/MI_Sheen_Blend_DS.uasset" 841
"../../../Engine/Plugins/Interchange/Assets/Content/gltf/MaterialInstances/MI_Sheen_Blend_DS.uexp" 842
"../../../Engine/Plugins/Interchange/Assets/Content/gltf/MaterialInstances/MI_Sheen_Mask.uasset" 843
"../../../Engine/Plugins/Interchange/Assets/Content/gltf/MaterialInstances/MI_Sheen_Mask.uexp" 844
"../../../Engine/Plugins/Interchange/Assets/Content/gltf/MaterialInstances/MI_Sheen_Mask_DS.uasset" 845
"../../../Engine/Plugins/Interchange/Assets/Content/gltf/MaterialInstances/MI_Sheen_Mask_DS.uexp" 846
"../../../Engine/Plugins/Interchange/Assets/Content/gltf/MaterialInstances/MI_Sheen_Opaque.uasset" 847
"../../../Engine/Plugins/Interchange/Assets/Content/gltf/MaterialInstances/MI_Sheen_Opaque.uexp" 848
"../../../Engine/Plugins/Interchange/Assets/Content/gltf/MaterialInstances/MI_Sheen_Opaque_DS.uasset" 849
"../../../Engine/Plugins/Interchange/Assets/Content/gltf/MaterialInstances/MI_Sheen_Opaque_DS.uexp" 850
"../../../Engine/Plugins/Interchange/Assets/Content/gltf/MaterialFunctions/MF_DiffuseSpecGloss.uasset" 851
"../../../Engine/Plugins/Interchange/Assets/Content/gltf/MaterialFunctions/MF_DiffuseSpecGloss.uexp" 852
"../../../Engine/Plugins/Interchange/Assets/Content/gltf/MaterialFunctions/MF_MaxComponentValue.uasset" 853
"../../../Engine/Plugins/Interchange/Assets/Content/gltf/MaterialFunctions/MF_MaxComponentValue.uexp" 854
"../../../Engine/Content/Functions/Engine_MaterialFunctions02/Math/AddComponents.uasset" 855
"../../../Engine/Content/Functions/Engine_MaterialFunctions02/Math/AddComponents.uexp" 856
"../../../Engine/Plugins/Interchange/Assets/Content/gltf/MaterialFunctions/MF_PerceivedBrightness.uasset" 857
"../../../Engine/Plugins/Interchange/Assets/Content/gltf/MaterialFunctions/MF_PerceivedBrightness.uexp" 858
"../../../Engine/Plugins/Interchange/Assets/Content/gltf/MaterialFunctions/MF_SpecGlossToMetalRoughness.uasset" 859
"../../../Engine/Plugins/Interchange/Assets/Content/gltf/MaterialFunctions/MF_SpecGlossToMetalRoughness.uexp" 860
"../../../Engine/Plugins/Interchange/Assets/Content/gltf/MaterialBodies/MF_SpecularGlossiness_Body.uasset" 861
"../../../Engine/Plugins/Interchange/Assets/Content/gltf/MaterialBodies/MF_SpecularGlossiness_Body.uexp" 862
"../../../Engine/Plugins/Interchange/Assets/Content/gltf/M_SpecularGlossiness.uasset" 863
"../../../Engine/Plugins/Interchange/Assets/Content/gltf/M_SpecularGlossiness.uexp" 864
"../../../Engine/Plugins/Interchange/Assets/Content/gltf/MaterialInstances/MI_SpecularGlossiness_Blend.uasset" 865
"../../../Engine/Plugins/Interchange/Assets/Content/gltf/MaterialInstances/MI_SpecularGlossiness_Blend.uexp" 866
"../../../Engine/Plugins/Interchange/Assets/Content/gltf/MaterialInstances/MI_SpecularGlossiness_Blend_DS.uasset" 867
"../../../Engine/Plugins/Interchange/Assets/Content/gltf/MaterialInstances/MI_SpecularGlossiness_Blend_DS.uexp" 868
"../../../Engine/Plugins/Interchange/Assets/Content/gltf/MaterialInstances/MI_SpecularGlossiness_Mask.uasset" 869
"../../../Engine/Plugins/Interchange/Assets/Content/gltf/MaterialInstances/MI_SpecularGlossiness_Mask.uexp" 870
"../../../Engine/Plugins/Interchange/Assets/Content/gltf/MaterialInstances/MI_SpecularGlossiness_Mask_DS.uasset" 871
"../../../Engine/Plugins/Interchange/Assets/Content/gltf/MaterialInstances/MI_SpecularGlossiness_Mask_DS.uexp" 872
"../../../Engine/Plugins/Interchange/Assets/Content/gltf/MaterialInstances/MI_SpecularGlossiness_Opaque.uasset" 873
"../../../Engine/Plugins/Interchange/Assets/Content/gltf/MaterialInstances/MI_SpecularGlossiness_Opaque.uexp" 874
"../../../Engine/Plugins/Interchange/Assets/Content/gltf/MaterialInstances/MI_SpecularGlossiness_Opaque_DS.uasset" 875
"../../../Engine/Plugins/Interchange/Assets/Content/gltf/MaterialInstances/MI_SpecularGlossiness_Opaque_DS.uexp" 876
"../../../Engine/Content/EngineMaterials/Good64x64TilingNoiseHighFreq.uasset" 877
"../../../Engine/Content/EngineMaterials/Good64x64TilingNoiseHighFreq.uexp" 878
"../../../Engine/Content/Functions/Engine_MaterialFunctions02/Texturing/ScreenAlignedPixelToPixelUVs.uasset" 879
"../../../Engine/Content/Functions/Engine_MaterialFunctions02/Texturing/ScreenAlignedPixelToPixelUVs.uexp" 880
"../../../Engine/Plugins/Interchange/Assets/Content/gltf/MaterialFunctions/MF_Fresnel_DS.uasset" 881
"../../../Engine/Plugins/Interchange/Assets/Content/gltf/MaterialFunctions/MF_Fresnel_DS.uexp" 882
"../../../Engine/Plugins/Interchange/Assets/Content/gltf/MaterialFunctions/MF_Temporal_Blur.uasset" 883
"../../../Engine/Plugins/Interchange/Assets/Content/gltf/MaterialFunctions/MF_Temporal_Blur.uexp" 884
"../../../Engine/Plugins/Interchange/Assets/Content/gltf/MaterialFunctions/MF_Transmission.uasset" 885
"../../../Engine/Plugins/Interchange/Assets/Content/gltf/MaterialFunctions/MF_Transmission.uexp" 886
"../../../Engine/Plugins/Interchange/Assets/Content/gltf/MaterialBodies/MF_Transmission_Body.uasset" 887
"../../../Engine/Plugins/Interchange/Assets/Content/gltf/MaterialBodies/MF_Transmission_Body.uexp" 888
"../../../Engine/Plugins/Interchange/Assets/Content/gltf/M_Transmission.uasset" 889
"../../../Engine/Plugins/Interchange/Assets/Content/gltf/M_Transmission.uexp" 890
"../../../Engine/Plugins/Interchange/Assets/Content/gltf/MaterialInstances/MI_Transmission.uasset" 891
"../../../Engine/Plugins/Interchange/Assets/Content/gltf/MaterialInstances/MI_Transmission.uexp" 892
"../../../Engine/Plugins/Interchange/Assets/Content/gltf/MaterialInstances/MI_Transmission_DS.uasset" 893
"../../../Engine/Plugins/Interchange/Assets/Content/gltf/MaterialInstances/MI_Transmission_DS.uexp" 894
"../../../Engine/Plugins/Interchange/Assets/Content/gltf/MaterialBodies/MF_Unlit_Body.uasset" 895
"../../../Engine/Plugins/Interchange/Assets/Content/gltf/MaterialBodies/MF_Unlit_Body.uexp" 896
"../../../Engine/Plugins/Interchange/Assets/Content/gltf/M_Unlit.uasset" 897
"../../../Engine/Plugins/Interchange/Assets/Content/gltf/M_Unlit.uexp" 898
"../../../Engine/Plugins/Interchange/Assets/Content/gltf/MaterialInstances/MI_Unlit_Blend.uasset" 899
"../../../Engine/Plugins/Interchange/Assets/Content/gltf/MaterialInstances/MI_Unlit_Blend.uexp" 900
"../../../Engine/Plugins/Interchange/Assets/Content/gltf/MaterialInstances/MI_Unlit_Blend_DS.uasset" 901
"../../../Engine/Plugins/Interchange/Assets/Content/gltf/MaterialInstances/MI_Unlit_Blend_DS.uexp" 902
"../../../Engine/Plugins/Interchange/Assets/Content/gltf/MaterialInstances/MI_Unlit_Mask.uasset" 903
"../../../Engine/Plugins/Interchange/Assets/Content/gltf/MaterialInstances/MI_Unlit_Mask.uexp" 904
"../../../Engine/Plugins/Interchange/Assets/Content/gltf/MaterialInstances/MI_Unlit_Mask_DS.uasset" 905
"../../../Engine/Plugins/Interchange/Assets/Content/gltf/MaterialInstances/MI_Unlit_Mask_DS.uexp" 906
"../../../Engine/Plugins/Interchange/Assets/Content/gltf/MaterialInstances/MI_Unlit_Opaque.uasset" 907
"../../../Engine/Plugins/Interchange/Assets/Content/gltf/MaterialInstances/MI_Unlit_Opaque.uexp" 908
"../../../Engine/Plugins/Interchange/Assets/Content/gltf/MaterialInstances/MI_Unlit_Opaque_DS.uasset" 909
"../../../Engine/Plugins/Interchange/Assets/Content/gltf/MaterialInstances/MI_Unlit_Opaque_DS.uexp" 910
"C:/Users/jola9182/Documents/GitHub/Project_Babadook/Content/FMOD/Banks/BoundByLight_Bank.uasset" 911
"C:/Users/jola9182/Documents/GitHub/Project_Babadook/Content/FMOD/Banks/BoundByLight_Bank.uexp" 912
"C:/Users/jola9182/Documents/GitHub/Project_Babadook/Content/FMOD/Banks/Bound_By_Light.uasset" 913
"C:/Users/jola9182/Documents/GitHub/Project_Babadook/Content/FMOD/Banks/Bound_By_Light.uexp" 914
"C:/Users/jola9182/Documents/GitHub/Project_Babadook/Content/FMOD/Banks/Master.uasset" 915
"C:/Users/jola9182/Documents/GitHub/Project_Babadook/Content/FMOD/Banks/Master.uexp" 916
"C:/Users/jola9182/Documents/GitHub/Project_Babadook/Content/FMOD/Buses/Reverb.uasset" 917
"C:/Users/jola9182/Documents/GitHub/Project_Babadook/Content/FMOD/Buses/Reverb.uexp" 918
"C:/Users/jola9182/Documents/GitHub/Project_Babadook/Content/FMOD/Events/DoorEvent.uasset" 919
"C:/Users/jola9182/Documents/GitHub/Project_Babadook/Content/FMOD/Events/DoorEvent.uexp" 920
"C:/Users/jola9182/Documents/GitHub/Project_Babadook/Content/FMOD/Events/DoorUnlock.uasset" 921
"C:/Users/jola9182/Documents/GitHub/Project_Babadook/Content/FMOD/Events/DoorUnlock.uexp" 922
"C:/Users/jola9182/Documents/GitHub/Project_Babadook/Content/FMOD/Events/GemStoneInsert.uasset" 923
"C:/Users/jola9182/Documents/GitHub/Project_Babadook/Content/FMOD/Events/GemStoneInsert.uexp" 924
"C:/Users/jola9182/Documents/GitHub/Project_Babadook/Content/FMOD/Events/ItemPickup.uasset" 925
"C:/Users/jola9182/Documents/GitHub/Project_Babadook/Content/FMOD/Events/ItemPickup.uexp" 926
"C:/Users/jola9182/Documents/GitHub/Project_Babadook/Content/FMOD/Events/LockedDoor.uasset" 927
"C:/Users/jola9182/Documents/GitHub/Project_Babadook/Content/FMOD/Events/LockedDoor.uexp" 928
"C:/Users/jola9182/Documents/GitHub/Project_Babadook/Content/FMOD/Events/ObjectPickup.uasset" 929
"C:/Users/jola9182/Documents/GitHub/Project_Babadook/Content/FMOD/Events/ObjectPickup.uexp" 930
"C:/Users/jola9182/Documents/GitHub/Project_Babadook/Content/FMOD/Events/OilFill.uasset" 931
"C:/Users/jola9182/Documents/GitHub/Project_Babadook/Content/FMOD/Events/OilFill.uexp" 932
"C:/Users/jola9182/Documents/GitHub/Project_Babadook/Content/FMOD/Events/TEST1.uasset" 933
"C:/Users/jola9182/Documents/GitHub/Project_Babadook/Content/FMOD/Events/TEST1.uexp" 934
"C:/Users/jola9182/Documents/GitHub/Project_Babadook/Content/FMOD/Events/WeepingAngelScream.uasset" 935
"C:/Users/jola9182/Documents/GitHub/Project_Babadook/Content/FMOD/Events/WeepingAngelScream.uexp" 936
"C:/Users/jola9182/Documents/GitHub/Project_Babadook/Content/FMOD/Events/WeepingAngelScream_2.uasset" 937
"C:/Users/jola9182/Documents/GitHub/Project_Babadook/Content/FMOD/Events/WeepingAngelScream_2.uexp" 938
"C:/Users/jola9182/Documents/GitHub/Project_Babadook/Content/FMOD/PrivateIntegrationData/AssetLookup.uasset" 939
"C:/Users/jola9182/Documents/GitHub/Project_Babadook/Content/FMOD/PrivateIntegrationData/AssetLookup.uexp" 940
"../../../Engine/Content/ArtTools/RenderToTexture/Meshes/S_1_Unit_Plane.ubulk" 941
"../../../Engine/Content/ArtTools/RenderToTexture/Meshes/S_1_Unit_Plane.uasset" 942
"../../../Engine/Content/ArtTools/RenderToTexture/Meshes/S_1_Unit_Plane.uexp" 943
"../../../Engine/Content/EngineMaterials/Substrate/GLints/AGlintTex2dArray.uasset" 944
"../../../Engine/Content/EngineMaterials/Substrate/GLints/AGlintTex2dArray.uexp" 945
"../../../Engine/Content/EngineMaterials/Substrate/Glints2/AGlintTex2dArray2.uasset" 946
"../../../Engine/Content/EngineMaterials/Substrate/Glints2/AGlintTex2dArray2.uexp" 947
"../../../Engine/Content/EngineMaterials/Substrate/Volume/SubstrateSimpleVolumeLUT3D.uasset" 948
"../../../Engine/Content/EngineMaterials/Substrate/Volume/SubstrateSimpleVolumeLUT3D.uexp" 949
"../../../Engine/Content/Functions/Engine_MaterialFunctions01/Shading/ConvertFromDiffSpec.uasset" 950
"../../../Engine/Content/Functions/Engine_MaterialFunctions01/Shading/ConvertFromDiffSpec.uexp" 951
"../../../Engine/Content/Functions/Engine_MaterialFunctions01/Shading/PowerToRoughness.uasset" 952
"../../../Engine/Content/Functions/Engine_MaterialFunctions01/Shading/PowerToRoughness.uexp" 953
"../../../Engine/Content/EngineMaterials/Substrate/Volume/SubstrateSimpleVolumeEnvLUT3D.uasset" 954
"../../../Engine/Content/EngineMaterials/Substrate/Volume/SubstrateSimpleVolumeEnvLUT3D.uexp" 955
"../../../Engine/Content/EditorResources/BSPVertex.uasset" 956
"../../../Engine/Content/EditorResources/BSPVertex.uexp" 957
"../../../Engine/Content/EditorResources/S_Actor.ubulk" 958
"../../../Engine/Content/EditorResources/S_Actor.uasset" 959
"../../../Engine/Content/EditorResources/S_Actor.uexp" 960
"../../../Engine/Content/EditorResources/S_BoxReflectionCapture.uasset" 961
"../../../Engine/Content/EditorResources/S_BoxReflectionCapture.uexp" 962
"../../../Engine/Content/Maps/Entry_BuiltData.uasset" 963
"../../../Engine/Content/Maps/Entry_BuiltData.uexp" 964
"../../../Engine/Content/Maps/Entry.uexp" 965
"../../../Engine/Content/Maps/Entry.umap" 966
"../../../Engine/Content/BasicShapes/Cube.ubulk" 967
"../../../Engine/Content/BasicShapes/Cube.uasset" 968
"../../../Engine/Content/BasicShapes/Cube.uexp" 969
"../../../Engine/Content/BasicShapes/Plane.ubulk" 970
"../../../Engine/Content/BasicShapes/Plane.uasset" 971
"../../../Engine/Content/BasicShapes/Plane.uexp" 972
"../../../Engine/Content/EditorBlueprintResources/StandardMacros.uasset" 973
"../../../Engine/Content/EditorBlueprintResources/StandardMacros.uexp" 974
"../../../Engine/Content/EngineSky/T_Sky_Blue.ubulk" 975
"../../../Engine/Content/EngineSky/T_Sky_Blue.uasset" 976
"../../../Engine/Content/EngineSky/T_Sky_Blue.uexp" 977
"../../../Engine/Content/EngineSky/T_Sky_Clouds_M.ubulk" 978
"../../../Engine/Content/EngineSky/T_Sky_Clouds_M.uasset" 979
"../../../Engine/Content/EngineSky/T_Sky_Clouds_M.uexp" 980
"../../../Engine/Content/EngineSky/T_Sky_Stars.ubulk" 981
"../../../Engine/Content/EngineSky/T_Sky_Stars.uasset" 982
"../../../Engine/Content/EngineSky/T_Sky_Stars.uexp" 983
"../../../Engine/Content/EngineSky/M_Sky_Panning_Clouds2.uasset" 984
"../../../Engine/Content/EngineSky/M_Sky_Panning_Clouds2.uexp" 985
"../../../Engine/Content/EngineSky/SM_SkySphere.ubulk" 986
"../../../Engine/Content/EngineSky/SM_SkySphere.uasset" 987
"../../../Engine/Content/EngineSky/SM_SkySphere.uexp" 988
"../../../Engine/Content/EngineSky/C_Sky_Cloud_Color.uasset" 989
"../../../Engine/Content/EngineSky/C_Sky_Cloud_Color.uexp" 990
"../../../Engine/Content/EngineSky/C_Sky_Horizon_Color.uasset" 991
"../../../Engine/Content/EngineSky/C_Sky_Horizon_Color.uexp" 992
"../../../Engine/Content/EngineSky/C_Sky_Zenith_Color.uasset" 993
"../../../Engine/Content/EngineSky/C_Sky_Zenith_Color.uexp" 994
"../../../Engine/Content/EngineSky/BP_Sky_Sphere.uasset" 995
"../../../Engine/Content/EngineSky/BP_Sky_Sphere.uexp" 996
"C:/Users/jola9182/Documents/GitHub/Project_Babadook/Content/SaveSystem/BPI_Save.uasset" 997
"C:/Users/jola9182/Documents/GitHub/Project_Babadook/Content/SaveSystem/BPI_Save.uexp" 998
"C:/Users/jola9182/Documents/GitHub/Project_Babadook/Content/SaveSystem/Structs/S_Door.uasset" 999
"C:/Users/jola9182/Documents/GitHub/Project_Babadook/Content/SaveSystem/Structs/S_Door.uexp" 1000
"C:/Users/jola9182/Documents/GitHub/Project_Babadook/Content/SaveSystem/Structs/S_Player.uasset" 1001
"C:/Users/jola9182/Documents/GitHub/Project_Babadook/Content/SaveSystem/Structs/S_Player.uexp" 1002
"C:/Users/jola9182/Documents/GitHub/Project_Babadook/Content/SaveSystem/BP_SaveGame.uasset" 1003
"C:/Users/jola9182/Documents/GitHub/Project_Babadook/Content/SaveSystem/BP_SaveGame.uexp" 1004
"C:/Users/jola9182/Documents/GitHub/Project_Babadook/Content/SaveSystem/BP_GameInstance.uasset" 1005
"C:/Users/jola9182/Documents/GitHub/Project_Babadook/Content/SaveSystem/BP_GameInstance.uexp" 1006
"C:/Users/jola9182/Documents/GitHub/Project_Babadook/Content/Audio/doorunlock-001.ubulk" 1007
"C:/Users/jola9182/Documents/GitHub/Project_Babadook/Content/Audio/doorunlock-001.uasset" 1008
"C:/Users/jola9182/Documents/GitHub/Project_Babadook/Content/Audio/doorunlock-001.uexp" 1009
"C:/Users/jola9182/Documents/GitHub/Project_Babadook/Content/Audio/doorunlock-002.ubulk" 1010
"C:/Users/jola9182/Documents/GitHub/Project_Babadook/Content/Audio/doorunlock-002.uasset" 1011
"C:/Users/jola9182/Documents/GitHub/Project_Babadook/Content/Audio/doorunlock-002.uexp" 1012
"C:/Users/jola9182/Documents/GitHub/Project_Babadook/Content/Audio/doorunlock-003.ubulk" 1013
"C:/Users/jola9182/Documents/GitHub/Project_Babadook/Content/Audio/doorunlock-003.uasset" 1014
"C:/Users/jola9182/Documents/GitHub/Project_Babadook/Content/Audio/doorunlock-003.uexp" 1015
"C:/Users/jola9182/Documents/GitHub/Project_Babadook/Content/Audio/doorunlock-004.ubulk" 1016
"C:/Users/jola9182/Documents/GitHub/Project_Babadook/Content/Audio/doorunlock-004.uasset" 1017
"C:/Users/jola9182/Documents/GitHub/Project_Babadook/Content/Audio/doorunlock-004.uexp" 1018
"C:/Users/jola9182/Documents/GitHub/Project_Babadook/Content/Audio/doorunlock-005.ubulk" 1019
"C:/Users/jola9182/Documents/GitHub/Project_Babadook/Content/Audio/doorunlock-005.uasset" 1020
"C:/Users/jola9182/Documents/GitHub/Project_Babadook/Content/Audio/doorunlock-005.uexp" 1021
"C:/Users/jola9182/Documents/GitHub/Project_Babadook/Content/Audio/keyinout-001.ubulk" 1022
"C:/Users/jola9182/Documents/GitHub/Project_Babadook/Content/Audio/keyinout-001.uasset" 1023
"C:/Users/jola9182/Documents/GitHub/Project_Babadook/Content/Audio/keyinout-001.uexp" 1024
"C:/Users/jola9182/Documents/GitHub/Project_Babadook/Content/Audio/keyinout-002.ubulk" 1025
"C:/Users/jola9182/Documents/GitHub/Project_Babadook/Content/Audio/keyinout-002.uasset" 1026
"C:/Users/jola9182/Documents/GitHub/Project_Babadook/Content/Audio/keyinout-002.uexp" 1027
"C:/Users/jola9182/Documents/GitHub/Project_Babadook/Content/Audio/keyinout-003.ubulk" 1028
"C:/Users/jola9182/Documents/GitHub/Project_Babadook/Content/Audio/keyinout-003.uasset" 1029
"C:/Users/jola9182/Documents/GitHub/Project_Babadook/Content/Audio/keyinout-003.uexp" 1030
"C:/Users/jola9182/Documents/GitHub/Project_Babadook/Content/Audio/keyinout-004.ubulk" 1031
"C:/Users/jola9182/Documents/GitHub/Project_Babadook/Content/Audio/keyinout-004.uasset" 1032
"C:/Users/jola9182/Documents/GitHub/Project_Babadook/Content/Audio/keyinout-004.uexp" 1033
"C:/Users/jola9182/Documents/GitHub/Project_Babadook/Content/Audio/keyinout-005.ubulk" 1034
"C:/Users/jola9182/Documents/GitHub/Project_Babadook/Content/Audio/keyinout-005.uasset" 1035
"C:/Users/jola9182/Documents/GitHub/Project_Babadook/Content/Audio/keyinout-005.uexp" 1036
"C:/Users/jola9182/Documents/GitHub/Project_Babadook/Content/Audio/keyinout-006.ubulk" 1037
"C:/Users/jola9182/Documents/GitHub/Project_Babadook/Content/Audio/keyinout-006.uasset" 1038
"C:/Users/jola9182/Documents/GitHub/Project_Babadook/Content/Audio/keyinout-006.uexp" 1039
"C:/Users/jola9182/Documents/GitHub/Project_Babadook/Content/Audio/keyinout-007.ubulk" 1040
"C:/Users/jola9182/Documents/GitHub/Project_Babadook/Content/Audio/keyinout-007.uasset" 1041
"C:/Users/jola9182/Documents/GitHub/Project_Babadook/Content/Audio/keyinout-007.uexp" 1042
"C:/Users/jola9182/Documents/GitHub/Project_Babadook/Content/Audio/keyinout-008.ubulk" 1043
"C:/Users/jola9182/Documents/GitHub/Project_Babadook/Content/Audio/keyinout-008.uasset" 1044
"C:/Users/jola9182/Documents/GitHub/Project_Babadook/Content/Audio/keyinout-008.uexp" 1045
"C:/Users/jola9182/Documents/GitHub/Project_Babadook/Content/Audio/S_DoorUnlock_C.uasset" 1046
"C:/Users/jola9182/Documents/GitHub/Project_Babadook/Content/Audio/S_DoorUnlock_C.uexp" 1047
"C:/Users/jola9182/Documents/GitHub/Project_Babadook/Content/Material/Wood_ambientocclusion.ubulk" 1048
"C:/Users/jola9182/Documents/GitHub/Project_Babadook/Content/Material/Wood_ambientocclusion.uasset" 1049
"C:/Users/jola9182/Documents/GitHub/Project_Babadook/Content/Material/Wood_ambientocclusion.uexp" 1050
"C:/Users/jola9182/Documents/GitHub/Project_Babadook/Content/Material/Wood_basecolor.ubulk" 1051
"C:/Users/jola9182/Documents/GitHub/Project_Babadook/Content/Material/Wood_basecolor.uasset" 1052
"C:/Users/jola9182/Documents/GitHub/Project_Babadook/Content/Material/Wood_basecolor.uexp" 1053
"C:/Users/jola9182/Documents/GitHub/Project_Babadook/Content/Material/Wood_metallic.ubulk" 1054
"C:/Users/jola9182/Documents/GitHub/Project_Babadook/Content/Material/Wood_metallic.uasset" 1055
"C:/Users/jola9182/Documents/GitHub/Project_Babadook/Content/Material/Wood_metallic.uexp" 1056
"C:/Users/jola9182/Documents/GitHub/Project_Babadook/Content/Material/Wood_normal.ubulk" 1057
"C:/Users/jola9182/Documents/GitHub/Project_Babadook/Content/Material/Wood_normal.uasset" 1058
"C:/Users/jola9182/Documents/GitHub/Project_Babadook/Content/Material/Wood_normal.uexp" 1059
"C:/Users/jola9182/Documents/GitHub/Project_Babadook/Content/Material/Wood_roughness.ubulk" 1060
"C:/Users/jola9182/Documents/GitHub/Project_Babadook/Content/Material/Wood_roughness.uasset" 1061
"C:/Users/jola9182/Documents/GitHub/Project_Babadook/Content/Material/Wood_roughness.uexp" 1062
"C:/Users/jola9182/Documents/GitHub/Project_Babadook/Content/Material/M_Wood.uasset" 1063
"C:/Users/jola9182/Documents/GitHub/Project_Babadook/Content/Material/M_Wood.uexp" 1064
"C:/Users/jola9182/Documents/GitHub/Project_Babadook/Content/Meshes/Models/SM_Wood_Door_Wide_Key.ubulk" 1065
"C:/Users/jola9182/Documents/GitHub/Project_Babadook/Content/Meshes/Models/SM_Wood_Door_Wide_Key.uasset" 1066
"C:/Users/jola9182/Documents/GitHub/Project_Babadook/Content/Meshes/Models/SM_Wood_Door_Wide_Key.uexp" 1067
"C:/Users/jola9182/Documents/GitHub/Project_Babadook/Content/Blueprints/BP_BigDoor.uasset" 1068
"C:/Users/jola9182/Documents/GitHub/Project_Babadook/Content/Blueprints/BP_BigDoor.uexp" 1069
"C:/Users/jola9182/Documents/GitHub/Project_Babadook/Content/BP_PossessionComponent.uasset" 1070
"C:/Users/jola9182/Documents/GitHub/Project_Babadook/Content/BP_PossessionComponent.uexp" 1071
"C:/Users/jola9182/Documents/GitHub/Project_Babadook/Content/FirstPerson/Inventory/WBP_InteractPrompt.uasset" 1072
"C:/Users/jola9182/Documents/GitHub/Project_Babadook/Content/FirstPerson/Inventory/WBP_InteractPrompt.uexp" 1073
"C:/Users/jola9182/Documents/GitHub/Project_Babadook/Content/UI/WB_HUD.uasset" 1074
"C:/Users/jola9182/Documents/GitHub/Project_Babadook/Content/UI/WB_HUD.uexp" 1075
"C:/Users/jola9182/Documents/GitHub/Project_Babadook/Content/Input/Touch/BPI_TouchInterface.uasset" 1076
"C:/Users/jola9182/Documents/GitHub/Project_Babadook/Content/Input/Touch/BPI_TouchInterface.uexp" 1077
"C:/Users/jola9182/Documents/GitHub/Project_Babadook/Content/Input/Touch/UI_Thumbstick.uasset" 1078
"C:/Users/jola9182/Documents/GitHub/Project_Babadook/Content/Input/Touch/UI_Thumbstick.uexp" 1079
"C:/Users/jola9182/Documents/GitHub/Project_Babadook/Content/Input/Touch/UI_TouchSimple.uasset" 1080
"C:/Users/jola9182/Documents/GitHub/Project_Babadook/Content/Input/Touch/UI_TouchSimple.uexp" 1081
"../../../Engine/Content/Functions/Engine_MaterialFunctions02/Utility/MakeFloat4.uasset" 1082
"../../../Engine/Content/Functions/Engine_MaterialFunctions02/Utility/MakeFloat4.uexp" 1083
"C:/Users/jola9182/Documents/GitHub/Project_Babadook/Content/M_InteractableOverlay.uasset" 1084
"C:/Users/jola9182/Documents/GitHub/Project_Babadook/Content/M_InteractableOverlay.uexp" 1085
"C:/Users/jola9182/Documents/GitHub/Project_Babadook/Content/Enemy/Crown2.uasset" 1086
"C:/Users/jola9182/Documents/GitHub/Project_Babadook/Content/Enemy/Crown2.uexp" 1087
"C:/Users/jola9182/Documents/GitHub/Project_Babadook/Content/Input/Actions/IA_Cancel.uasset" 1088
"C:/Users/jola9182/Documents/GitHub/Project_Babadook/Content/Input/Actions/IA_Cancel.uexp" 1089
"C:/Users/jola9182/Documents/GitHub/Project_Babadook/Content/Input/Actions/IA_Interact.uasset" 1090
"C:/Users/jola9182/Documents/GitHub/Project_Babadook/Content/Input/Actions/IA_Interact.uexp" 1091
"C:/Users/jola9182/Documents/GitHub/Project_Babadook/Content/Input/Actions/IA_Jump.uasset" 1092
"C:/Users/jola9182/Documents/GitHub/Project_Babadook/Content/Input/Actions/IA_Jump.uexp" 1093
"C:/Users/jola9182/Documents/GitHub/Project_Babadook/Content/Input/Actions/IA_Look.uasset" 1094
"C:/Users/jola9182/Documents/GitHub/Project_Babadook/Content/Input/Actions/IA_Look.uexp" 1095
"C:/Users/jola9182/Documents/GitHub/Project_Babadook/Content/Input/Actions/IA_Move.uasset" 1096
"C:/Users/jola9182/Documents/GitHub/Project_Babadook/Content/Input/Actions/IA_Move.uexp" 1097
"C:/Users/jola9182/Documents/GitHub/Project_Babadook/Content/Input/Actions/IA_Sprint.uasset" 1098
"C:/Users/jola9182/Documents/GitHub/Project_Babadook/Content/Input/Actions/IA_Sprint.uexp" 1099
"C:/Users/jola9182/Documents/GitHub/Project_Babadook/Content/Input/Actions/IA_MouseLook.uasset" 1100
"C:/Users/jola9182/Documents/GitHub/Project_Babadook/Content/Input/Actions/IA_MouseLook.uexp" 1101
"C:/Users/jola9182/Documents/GitHub/Project_Babadook/Content/Input/Actions/IA_Flashlight.uasset" 1102
"C:/Users/jola9182/Documents/GitHub/Project_Babadook/Content/Input/Actions/IA_Flashlight.uexp" 1103
"C:/Users/jola9182/Documents/GitHub/Project_Babadook/Content/Input/Actions/IA_NotPause.uasset" 1104
"C:/Users/jola9182/Documents/GitHub/Project_Babadook/Content/Input/Actions/IA_NotPause.uexp" 1105
"C:/Users/jola9182/Documents/GitHub/Project_Babadook/Content/Input/Actions/IA_QTE.uasset" 1106
"C:/Users/jola9182/Documents/GitHub/Project_Babadook/Content/Input/Actions/IA_QTE.uexp" 1107
"../../../Engine/Content/MapTemplates/Materials/BasicAsset01.uasset" 1108
"../../../Engine/Content/MapTemplates/Materials/BasicAsset01.uexp" 1109
"C:/Users/jola9182/Documents/GitHub/Project_Babadook/Content/FMOD/Events/GemStonePickup.uasset" 1110
"C:/Users/jola9182/Documents/GitHub/Project_Babadook/Content/FMOD/Events/GemStonePickup.uexp" 1111
"C:/Users/jola9182/Documents/GitHub/Project_Babadook/Content/FMOD/Events/KeyPickup.uasset" 1112
"C:/Users/jola9182/Documents/GitHub/Project_Babadook/Content/FMOD/Events/KeyPickup.uexp" 1113
"C:/Users/jola9182/Documents/GitHub/Project_Babadook/Content/Meshes/Models/SM_Gem.ubulk" 1114
"C:/Users/jola9182/Documents/GitHub/Project_Babadook/Content/Meshes/Models/SM_Gem.uasset" 1115
"C:/Users/jola9182/Documents/GitHub/Project_Babadook/Content/Meshes/Models/SM_Gem.uexp" 1116
"C:/Users/jola9182/Documents/GitHub/Project_Babadook/Content/Blueprints/Pickups/BP_Gemstone.uasset" 1117
"C:/Users/jola9182/Documents/GitHub/Project_Babadook/Content/Blueprints/Pickups/BP_Gemstone.uexp" 1118
"C:/Users/jola9182/Documents/GitHub/Project_Babadook/Content/Material/M_WhiteBoxMat.uasset" 1119
"C:/Users/jola9182/Documents/GitHub/Project_Babadook/Content/Material/M_WhiteBoxMat.uexp" 1120
"C:/Users/jola9182/Documents/GitHub/Project_Babadook/Content/Meshes/Models/WB_Organ.ubulk" 1121
"C:/Users/jola9182/Documents/GitHub/Project_Babadook/Content/Meshes/Models/WB_Organ.uasset" 1122
"C:/Users/jola9182/Documents/GitHub/Project_Babadook/Content/Meshes/Models/WB_Organ.uexp" 1123
"../../../Engine/Content/EngineResources/DefaultTexture.ubulk" 1124
"../../../Engine/Content/EngineResources/DefaultTexture.uasset" 1125
"../../../Engine/Content/EngineResources/DefaultTexture.uexp" 1126
"../../../Engine/Content/EngineMaterials/DefaultNormal.ubulk" 1127
"../../../Engine/Content/EngineMaterials/DefaultNormal.uasset" 1128
"../../../Engine/Content/EngineMaterials/DefaultNormal.uexp" 1129
"../../../Engine/Content/Functions/Engine_MaterialFunctions03/Procedurals/NormalFromHeightmap.uasset" 1130
"../../../Engine/Content/Functions/Engine_MaterialFunctions03/Procedurals/NormalFromHeightmap.uexp" 1131
"../../../Engine/Plugins/Interchange/Assets/Content/Functions/MF_PhongToMetalRoughness.uasset" 1132
"../../../Engine/Plugins/Interchange/Assets/Content/Functions/MF_PhongToMetalRoughness.uexp" 1133
"../../../Engine/Plugins/Interchange/Assets/Content/Materials/FBXLegacyPhongSurfaceMaterial.uasset" 1134
"../../../Engine/Plugins/Interchange/Assets/Content/Materials/FBXLegacyPhongSurfaceMaterial.uexp" 1135
"C:/Users/jola9182/Documents/GitHub/Project_Babadook/Content/Meshes/Models/lambert2.uasset" 1136
"C:/Users/jola9182/Documents/GitHub/Project_Babadook/Content/Meshes/Models/lambert2.uexp" 1137
"C:/Users/jola9182/Documents/GitHub/Project_Babadook/Content/Meshes/Models/WB_Piano_Key_Black.ubulk" 1138
"C:/Users/jola9182/Documents/GitHub/Project_Babadook/Content/Meshes/Models/WB_Piano_Key_Black.uasset" 1139
"C:/Users/jola9182/Documents/GitHub/Project_Babadook/Content/Meshes/Models/WB_Piano_Key_Black.uexp" 1140
"C:/Users/jola9182/Documents/GitHub/Project_Babadook/Content/Meshes/Models/WB_Piano_Key_White.ubulk" 1141
"C:/Users/jola9182/Documents/GitHub/Project_Babadook/Content/Meshes/Models/WB_Piano_Key_White.uasset" 1142
"C:/Users/jola9182/Documents/GitHub/Project_Babadook/Content/Meshes/Models/WB_Piano_Key_White.uexp" 1143
"C:/Users/jola9182/Documents/GitHub/Project_Babadook/Content/Material/M_SelectedKey.uasset" 1144
"C:/Users/jola9182/Documents/GitHub/Project_Babadook/Content/Material/M_SelectedKey.uexp" 1145
"../../../Engine/Content/EngineResources/AICON-Green.uasset" 1146
"../../../Engine/Content/EngineResources/AICON-Green.uexp" 1147
"C:/Users/jola9182/Documents/GitHub/Project_Babadook/Content/UI/UIAsset/sheet.uasset" 1148
"C:/Users/jola9182/Documents/GitHub/Project_Babadook/Content/UI/UIAsset/sheet.uexp" 1149
"C:/Users/jola9182/Documents/GitHub/Project_Babadook/Content/UI/WBP_PianoSheet.uasset" 1150
"C:/Users/jola9182/Documents/GitHub/Project_Babadook/Content/UI/WBP_PianoSheet.uexp" 1151
"C:/Users/jola9182/Documents/GitHub/Project_Babadook/Content/Blueprints/BP_PianoPuzzle.uasset" 1152
"C:/Users/jola9182/Documents/GitHub/Project_Babadook/Content/Blueprints/BP_PianoPuzzle.uexp" 1153
"../../../Engine/Content/VREditor/Sounds/UI/Radial_Menu_FadeOut.ubulk" 1154
"../../../Engine/Content/VREditor/Sounds/UI/Radial_Menu_FadeOut.uasset" 1155
"../../../Engine/Content/VREditor/Sounds/UI/Radial_Menu_FadeOut.uexp" 1156
"C:/Users/jola9182/Documents/GitHub/Project_Babadook/Content/UI/WB_Fade.uasset" 1157
"C:/Users/jola9182/Documents/GitHub/Project_Babadook/Content/UI/WB_Fade.uexp" 1158
"C:/Users/jola9182/Documents/GitHub/Project_Babadook/Content/UI/UIAsset/Arrow.uasset" 1159
"C:/Users/jola9182/Documents/GitHub/Project_Babadook/Content/UI/UIAsset/Arrow.uexp" 1160
"C:/Users/jola9182/Documents/GitHub/Project_Babadook/Content/UI/UIAsset/Fonts/Augusta.uexp" 1161
"C:/Users/jola9182/Documents/GitHub/Project_Babadook/Content/UI/UIAsset/Fonts/Augusta.uasset" 1162
"C:/Users/jola9182/Documents/GitHub/Project_Babadook/Content/UI/UIAsset/Fonts/Augusta.ufont" 1163
"C:/Users/jola9182/Documents/GitHub/Project_Babadook/Content/UI/UIAsset/Fonts/Augusta_Font.uasset" 1164
"C:/Users/jola9182/Documents/GitHub/Project_Babadook/Content/UI/UIAsset/Fonts/Augusta_Font.uexp" 1165
"C:/Users/jola9182/Documents/GitHub/Project_Babadook/Content/UI/WB_MenuButton.uasset" 1166
"C:/Users/jola9182/Documents/GitHub/Project_Babadook/Content/UI/WB_MenuButton.uexp" 1167
"C:/Users/jola9182/Documents/GitHub/Project_Babadook/Content/UI/WB_NotPauseMenu.uasset" 1168
"C:/Users/jola9182/Documents/GitHub/Project_Babadook/Content/UI/WB_NotPauseMenu.uexp" 1169
"C:/Users/jola9182/Documents/GitHub/Project_Babadook/Content/Characters/Mannequins/Meshes/SK_Mannequin.uasset" 1170
"C:/Users/jola9182/Documents/GitHub/Project_Babadook/Content/Characters/Mannequins/Meshes/SK_Mannequin.uexp" 1171
"../../../Engine/Plugins/Animation/ControlRig/Content/Controls/DefaultGizmoLibraryNormalized.uasset" 1172
"../../../Engine/Plugins/Animation/ControlRig/Content/Controls/DefaultGizmoLibraryNormalized.uexp" 1173
"C:/Users/jola9182/Documents/GitHub/Project_Babadook/Content/FirstPerson/Anims/CtrlRig_FPWarp.uasset" 1174
"C:/Users/jola9182/Documents/GitHub/Project_Babadook/Content/FirstPerson/Anims/CtrlRig_FPWarp.uexp" 1175
"C:/Users/jola9182/Documents/GitHub/Project_Babadook/Content/FirstPerson/Anims/ABP_FP_Copy.uasset" 1176
"C:/Users/jola9182/Documents/GitHub/Project_Babadook/Content/FirstPerson/Anims/ABP_FP_Copy.uexp" 1177
"C:/Users/jola9182/Documents/GitHub/Project_Babadook/Content/Characters/Mannequins/Rigs/PA_Mannequin.uasset" 1178
"C:/Users/jola9182/Documents/GitHub/Project_Babadook/Content/Characters/Mannequins/Rigs/PA_Mannequin.uexp" 1179
"C:/Users/jola9182/Documents/GitHub/Project_Babadook/Content/Characters/Mannequins/Textures/Manny/T_Manny_01_BN.ubulk" 1180
"C:/Users/jola9182/Documents/GitHub/Project_Babadook/Content/Characters/Mannequins/Textures/Manny/T_Manny_01_BN.uasset" 1181
"C:/Users/jola9182/Documents/GitHub/Project_Babadook/Content/Characters/Mannequins/Textures/Manny/T_Manny_01_BN.uexp" 1182
"C:/Users/jola9182/Documents/GitHub/Project_Babadook/Content/Characters/Mannequins/Textures/Manny/T_Manny_01_D.ubulk" 1183
"C:/Users/jola9182/Documents/GitHub/Project_Babadook/Content/Characters/Mannequins/Textures/Manny/T_Manny_01_D.uasset" 1184
"C:/Users/jola9182/Documents/GitHub/Project_Babadook/Content/Characters/Mannequins/Textures/Manny/T_Manny_01_D.uexp" 1185
"C:/Users/jola9182/Documents/GitHub/Project_Babadook/Content/Characters/Mannequins/Textures/Manny/T_Manny_01_MRA.ubulk" 1186
"C:/Users/jola9182/Documents/GitHub/Project_Babadook/Content/Characters/Mannequins/Textures/Manny/T_Manny_01_MRA.uasset" 1187
"C:/Users/jola9182/Documents/GitHub/Project_Babadook/Content/Characters/Mannequins/Textures/Manny/T_Manny_01_MRA.uexp" 1188
"C:/Users/jola9182/Documents/GitHub/Project_Babadook/Content/Characters/Mannequins/Textures/Shared/T_UE_Logo_M.uasset" 1189
"C:/Users/jola9182/Documents/GitHub/Project_Babadook/Content/Characters/Mannequins/Textures/Shared/T_UE_Logo_M.uexp" 1190
"C:/Users/jola9182/Documents/GitHub/Project_Babadook/Content/Characters/Mannequins/Materials/M_Mannequin.uasset" 1191
"C:/Users/jola9182/Documents/GitHub/Project_Babadook/Content/Characters/Mannequins/Materials/M_Mannequin.uexp" 1192
"C:/Users/jola9182/Documents/GitHub/Project_Babadook/Content/Characters/Mannequins/Materials/Manny/MI_Manny_01_New.uasset" 1193
"C:/Users/jola9182/Documents/GitHub/Project_Babadook/Content/Characters/Mannequins/Materials/Manny/MI_Manny_01_New.uexp" 1194
"C:/Users/jola9182/Documents/GitHub/Project_Babadook/Content/Characters/Mannequins/Textures/Manny/T_Manny_02_BN.ubulk" 1195
"C:/Users/jola9182/Documents/GitHub/Project_Babadook/Content/Characters/Mannequins/Textures/Manny/T_Manny_02_BN.uasset" 1196
"C:/Users/jola9182/Documents/GitHub/Project_Babadook/Content/Characters/Mannequins/Textures/Manny/T_Manny_02_BN.uexp" 1197
"C:/Users/jola9182/Documents/GitHub/Project_Babadook/Content/Characters/Mannequins/Textures/Manny/T_Manny_02_D.ubulk" 1198
"C:/Users/jola9182/Documents/GitHub/Project_Babadook/Content/Characters/Mannequins/Textures/Manny/T_Manny_02_D.uasset" 1199
"C:/Users/jola9182/Documents/GitHub/Project_Babadook/Content/Characters/Mannequins/Textures/Manny/T_Manny_02_D.uexp" 1200
"C:/Users/jola9182/Documents/GitHub/Project_Babadook/Content/Characters/Mannequins/Textures/Manny/T_Manny_02_MRA.ubulk" 1201
"C:/Users/jola9182/Documents/GitHub/Project_Babadook/Content/Characters/Mannequins/Textures/Manny/T_Manny_02_MRA.uasset" 1202
"C:/Users/jola9182/Documents/GitHub/Project_Babadook/Content/Characters/Mannequins/Textures/Manny/T_Manny_02_MRA.uexp" 1203
"C:/Users/jola9182/Documents/GitHub/Project_Babadook/Content/Characters/Mannequins/Materials/Manny/MI_Manny_02_New.uasset" 1204
"C:/Users/jola9182/Documents/GitHub/Project_Babadook/Content/Characters/Mannequins/Materials/Manny/MI_Manny_02_New.uexp" 1205
"C:/Users/jola9182/Documents/GitHub/Project_Babadook/Content/Characters/Mannequins/Meshes/SKM_Manny_Simple.uasset" 1206
"C:/Users/jola9182/Documents/GitHub/Project_Babadook/Content/Characters/Mannequins/Meshes/SKM_Manny_Simple.uexp" 1207
"C:/Users/jola9182/Documents/GitHub/Project_Babadook/Content/Characters/Mannequins/Rigs/CR_Mannequin_FootIK.uasset" 1208
"C:/Users/jola9182/Documents/GitHub/Project_Babadook/Content/Characters/Mannequins/Rigs/CR_Mannequin_FootIK.uexp" 1209
"../../../Engine/Content/Animation/DefaultAnimBoneCompressionSettings.uasset" 1210
"../../../Engine/Content/Animation/DefaultAnimBoneCompressionSettings.uexp" 1211
"../../../Engine/Content/Animation/DefaultAnimCurveCompressionSettings.uasset" 1212
"../../../Engine/Content/Animation/DefaultAnimCurveCompressionSettings.uexp" 1213
"../../../Engine/Content/Animation/DefaultVariableFrameStrippingSettings.uasset" 1214
"../../../Engine/Content/Animation/DefaultVariableFrameStrippingSettings.uexp" 1215
"C:/Users/jola9182/Documents/GitHub/Project_Babadook/Content/Characters/Mannequins/Anims/Unarmed/MM_Idle.uasset" 1216
"C:/Users/jola9182/Documents/GitHub/Project_Babadook/Content/Characters/Mannequins/Anims/Unarmed/MM_Idle.uexp" 1217
"C:/Users/jola9182/Documents/GitHub/Project_Babadook/Content/Audio/ATT_1.uasset" 1218
"C:/Users/jola9182/Documents/GitHub/Project_Babadook/Content/Audio/ATT_1.uexp" 1219
"C:/Users/jola9182/Documents/GitHub/Project_Babadook/Content/Audio/SoundWaves/Footstep01.ubulk" 1220
"C:/Users/jola9182/Documents/GitHub/Project_Babadook/Content/Audio/SoundWaves/Footstep01.uasset" 1221
"C:/Users/jola9182/Documents/GitHub/Project_Babadook/Content/Audio/SoundWaves/Footstep01.uexp" 1222
"C:/Users/jola9182/Documents/GitHub/Project_Babadook/Content/Audio/SoundWaves/Footstep02.ubulk" 1223
"C:/Users/jola9182/Documents/GitHub/Project_Babadook/Content/Audio/SoundWaves/Footstep02.uasset" 1224
"C:/Users/jola9182/Documents/GitHub/Project_Babadook/Content/Audio/SoundWaves/Footstep02.uexp" 1225
"C:/Users/jola9182/Documents/GitHub/Project_Babadook/Content/Audio/SoundWaves/Footstep03.ubulk" 1226
"C:/Users/jola9182/Documents/GitHub/Project_Babadook/Content/Audio/SoundWaves/Footstep03.uasset" 1227
"C:/Users/jola9182/Documents/GitHub/Project_Babadook/Content/Audio/SoundWaves/Footstep03.uexp" 1228
"C:/Users/jola9182/Documents/GitHub/Project_Babadook/Content/Audio/SoundWaves/Footstep04.ubulk" 1229
"C:/Users/jola9182/Documents/GitHub/Project_Babadook/Content/Audio/SoundWaves/Footstep04.uasset" 1230
"C:/Users/jola9182/Documents/GitHub/Project_Babadook/Content/Audio/SoundWaves/Footstep04.uexp" 1231
"C:/Users/jola9182/Documents/GitHub/Project_Babadook/Content/Audio/S_Footsteps_C.uasset" 1232
"C:/Users/jola9182/Documents/GitHub/Project_Babadook/Content/Audio/S_Footsteps_C.uexp" 1233
"C:/Users/jola9182/Documents/GitHub/Project_Babadook/Content/Characters/Mannequins/Anims/Unarmed/Jog/MF_Unarmed_Jog_Bwd.uasset" 1234
"C:/Users/jola9182/Documents/GitHub/Project_Babadook/Content/Characters/Mannequins/Anims/Unarmed/Jog/MF_Unarmed_Jog_Bwd.uexp" 1235
"../../../Engine/Plugins/Animation/ACLPlugin/Content/ACLAnimCurveCompressionSettings.uasset" 1236
"../../../Engine/Plugins/Animation/ACLPlugin/Content/ACLAnimCurveCompressionSettings.uexp" 1237
"../../../Engine/Content/Animation/DefaultRecorderBoneCompression.uasset" 1238
"../../../Engine/Content/Animation/DefaultRecorderBoneCompression.uexp" 1239
"C:/Users/jola9182/Documents/GitHub/Project_Babadook/Content/Characters/Mannequins/Anims/Unarmed/Jog/MF_Unarmed_Jog_Bwd_Left.uasset" 1240
"C:/Users/jola9182/Documents/GitHub/Project_Babadook/Content/Characters/Mannequins/Anims/Unarmed/Jog/MF_Unarmed_Jog_Bwd_Left.uexp" 1241
"C:/Users/jola9182/Documents/GitHub/Project_Babadook/Content/Characters/Mannequins/Anims/Unarmed/Jog/MF_Unarmed_Jog_Bwd_Right.uasset" 1242
"C:/Users/jola9182/Documents/GitHub/Project_Babadook/Content/Characters/Mannequins/Anims/Unarmed/Jog/MF_Unarmed_Jog_Bwd_Right.uexp" 1243
"C:/Users/jola9182/Documents/GitHub/Project_Babadook/Content/Characters/Mannequins/Anims/Unarmed/Jog/MF_Unarmed_Jog_Fwd.uasset" 1244
"C:/Users/jola9182/Documents/GitHub/Project_Babadook/Content/Characters/Mannequins/Anims/Unarmed/Jog/MF_Unarmed_Jog_Fwd.uexp" 1245
"C:/Users/jola9182/Documents/GitHub/Project_Babadook/Content/Characters/Mannequins/Anims/Unarmed/Jog/MF_Unarmed_Jog_Fwd_Left.uasset" 1246
"C:/Users/jola9182/Documents/GitHub/Project_Babadook/Content/Characters/Mannequins/Anims/Unarmed/Jog/MF_Unarmed_Jog_Fwd_Left.uexp" 1247
"C:/Users/jola9182/Documents/GitHub/Project_Babadook/Content/Characters/Mannequins/Anims/Unarmed/Jog/MF_Unarmed_Jog_Fwd_Right.uasset" 1248
"C:/Users/jola9182/Documents/GitHub/Project_Babadook/Content/Characters/Mannequins/Anims/Unarmed/Jog/MF_Unarmed_Jog_Fwd_Right.uexp" 1249
"C:/Users/jola9182/Documents/GitHub/Project_Babadook/Content/Characters/Mannequins/Anims/Unarmed/Jog/MF_Unarmed_Jog_Left.uasset" 1250
"C:/Users/jola9182/Documents/GitHub/Project_Babadook/Content/Characters/Mannequins/Anims/Unarmed/Jog/MF_Unarmed_Jog_Left.uexp" 1251
"C:/Users/jola9182/Documents/GitHub/Project_Babadook/Content/Characters/Mannequins/Anims/Unarmed/Jog/MF_Unarmed_Jog_Right.uasset" 1252
"C:/Users/jola9182/Documents/GitHub/Project_Babadook/Content/Characters/Mannequins/Anims/Unarmed/Jog/MF_Unarmed_Jog_Right.uexp" 1253
"C:/Users/jola9182/Documents/GitHub/Project_Babadook/Content/Characters/Mannequins/Anims/Unarmed/Walk/MF_Unarmed_Walk_Bwd.uasset" 1254
"C:/Users/jola9182/Documents/GitHub/Project_Babadook/Content/Characters/Mannequins/Anims/Unarmed/Walk/MF_Unarmed_Walk_Bwd.uexp" 1255
"C:/Users/jola9182/Documents/GitHub/Project_Babadook/Content/Characters/Mannequins/Anims/Unarmed/Walk/MF_Unarmed_Walk_Bwd_Left.uasset" 1256
"C:/Users/jola9182/Documents/GitHub/Project_Babadook/Content/Characters/Mannequins/Anims/Unarmed/Walk/MF_Unarmed_Walk_Bwd_Left.uexp" 1257
"C:/Users/jola9182/Documents/GitHub/Project_Babadook/Content/Characters/Mannequins/Anims/Unarmed/Walk/MF_Unarmed_Walk_Bwd_Right.uasset" 1258
"C:/Users/jola9182/Documents/GitHub/Project_Babadook/Content/Characters/Mannequins/Anims/Unarmed/Walk/MF_Unarmed_Walk_Bwd_Right.uexp" 1259
"C:/Users/jola9182/Documents/GitHub/Project_Babadook/Content/Characters/Mannequins/Anims/Unarmed/Walk/MF_Unarmed_Walk_Fwd.uasset" 1260
"C:/Users/jola9182/Documents/GitHub/Project_Babadook/Content/Characters/Mannequins/Anims/Unarmed/Walk/MF_Unarmed_Walk_Fwd.uexp" 1261
"C:/Users/jola9182/Documents/GitHub/Project_Babadook/Content/Characters/Mannequins/Anims/Unarmed/Walk/MF_Unarmed_Walk_Fwd_Left.uasset" 1262
"C:/Users/jola9182/Documents/GitHub/Project_Babadook/Content/Characters/Mannequins/Anims/Unarmed/Walk/MF_Unarmed_Walk_Fwd_Left.uexp" 1263
"C:/Users/jola9182/Documents/GitHub/Project_Babadook/Content/Characters/Mannequins/Anims/Unarmed/Walk/MF_Unarmed_Walk_Fwd_Right.uasset" 1264
"C:/Users/jola9182/Documents/GitHub/Project_Babadook/Content/Characters/Mannequins/Anims/Unarmed/Walk/MF_Unarmed_Walk_Fwd_Right.uexp" 1265
"C:/Users/jola9182/Documents/GitHub/Project_Babadook/Content/Characters/Mannequins/Anims/Unarmed/Walk/MF_Unarmed_Walk_Left.uasset" 1266
"C:/Users/jola9182/Documents/GitHub/Project_Babadook/Content/Characters/Mannequins/Anims/Unarmed/Walk/MF_Unarmed_Walk_Left.uexp" 1267
"C:/Users/jola9182/Documents/GitHub/Project_Babadook/Content/Characters/Mannequins/Anims/Unarmed/Walk/MF_Unarmed_Walk_Right.uasset" 1268
"C:/Users/jola9182/Documents/GitHub/Project_Babadook/Content/Characters/Mannequins/Anims/Unarmed/Walk/MF_Unarmed_Walk_Right.uexp" 1269
"C:/Users/jola9182/Documents/GitHub/Project_Babadook/Content/Characters/Mannequins/Anims/Unarmed/BS_Idle_Walk_Run.uasset" 1270
"C:/Users/jola9182/Documents/GitHub/Project_Babadook/Content/Characters/Mannequins/Anims/Unarmed/BS_Idle_Walk_Run.uexp" 1271
"C:/Users/jola9182/Documents/GitHub/Project_Babadook/Content/Characters/Mannequins/Anims/Unarmed/Jump/MM_Fall_Loop.uasset" 1272
"C:/Users/jola9182/Documents/GitHub/Project_Babadook/Content/Characters/Mannequins/Anims/Unarmed/Jump/MM_Fall_Loop.uexp" 1273
"C:/Users/jola9182/Documents/GitHub/Project_Babadook/Content/Characters/Mannequins/Anims/Unarmed/Jump/MM_Jump.uasset" 1274
"C:/Users/jola9182/Documents/GitHub/Project_Babadook/Content/Characters/Mannequins/Anims/Unarmed/Jump/MM_Jump.uexp" 1275
"C:/Users/jola9182/Documents/GitHub/Project_Babadook/Content/Characters/Mannequins/Anims/Unarmed/Jump/MM_Land.uasset" 1276
"C:/Users/jola9182/Documents/GitHub/Project_Babadook/Content/Characters/Mannequins/Anims/Unarmed/Jump/MM_Land.uexp" 1277
"C:/Users/jola9182/Documents/GitHub/Project_Babadook/Content/Characters/Mannequins/Anims/Unarmed/ABP_Unarmed.uasset" 1278
"C:/Users/jola9182/Documents/GitHub/Project_Babadook/Content/Characters/Mannequins/Anims/Unarmed/ABP_Unarmed.uexp" 1279
"C:/Users/jola9182/Documents/GitHub/Project_Babadook/Content/FirstPerson/Inventory/Textures/InventorySlot.uasset" 1280
"C:/Users/jola9182/Documents/GitHub/Project_Babadook/Content/FirstPerson/Inventory/Textures/InventorySlot.uexp" 1281
"C:/Users/jola9182/Documents/GitHub/Project_Babadook/Content/FirstPerson/Inventory/WBP_ItemSlot.uasset" 1282
"C:/Users/jola9182/Documents/GitHub/Project_Babadook/Content/FirstPerson/Inventory/WBP_ItemSlot.uexp" 1283
"C:/Users/jola9182/Documents/GitHub/Project_Babadook/Content/FirstPerson/Inventory/Textures/InventoryBG.uasset" 1284
"C:/Users/jola9182/Documents/GitHub/Project_Babadook/Content/FirstPerson/Inventory/Textures/InventoryBG.uexp" 1285
"C:/Users/jola9182/Documents/GitHub/Project_Babadook/Content/FirstPerson/Inventory/Textures/InventoryRow.uasset" 1286
"C:/Users/jola9182/Documents/GitHub/Project_Babadook/Content/FirstPerson/Inventory/Textures/InventoryRow.uexp" 1287
"C:/Users/jola9182/Documents/GitHub/Project_Babadook/Content/FirstPerson/Inventory/WBP_Inventory.uasset" 1288
"C:/Users/jola9182/Documents/GitHub/Project_Babadook/Content/FirstPerson/Inventory/WBP_Inventory.uexp" 1289
"C:/Users/jola9182/Documents/GitHub/Project_Babadook/Content/FMOD/Events/OutOfBreath.uasset" 1290
"C:/Users/jola9182/Documents/GitHub/Project_Babadook/Content/FMOD/Events/OutOfBreath.uexp" 1291
"C:/Users/jola9182/Documents/GitHub/Project_Babadook/Content/Meshes/Models/initialShadingGroup1.uasset" 1292
"C:/Users/jola9182/Documents/GitHub/Project_Babadook/Content/Meshes/Models/initialShadingGroup1.uexp" 1293
"C:/Users/jola9182/Documents/GitHub/Project_Babadook/Content/Meshes/Models/standardSurface1.uasset" 1294
"C:/Users/jola9182/Documents/GitHub/Project_Babadook/Content/Meshes/Models/standardSurface1.uexp" 1295
"C:/Users/jola9182/Documents/GitHub/Project_Babadook/Content/Meshes/Models/WBLantern.ubulk" 1296
"C:/Users/jola9182/Documents/GitHub/Project_Babadook/Content/Meshes/Models/WBLantern.uasset" 1297
"C:/Users/jola9182/Documents/GitHub/Project_Babadook/Content/Meshes/Models/WBLantern.uexp" 1298
"C:/Users/jola9182/Documents/GitHub/Project_Babadook/Content/Blueprints/BPI_DeathSystem.uasset" 1299
"C:/Users/jola9182/Documents/GitHub/Project_Babadook/Content/Blueprints/BPI_DeathSystem.uexp" 1300
"C:/Users/jola9182/Documents/GitHub/Project_Babadook/Content/Blueprints/BP_PlayerCharacter.uasset" 1301
"C:/Users/jola9182/Documents/GitHub/Project_Babadook/Content/Blueprints/BP_PlayerCharacter.uexp" 1302
"C:/Users/jola9182/Documents/GitHub/Project_Babadook/Content/Input/IMC_MouseLook.uasset" 1303
"C:/Users/jola9182/Documents/GitHub/Project_Babadook/Content/Input/IMC_MouseLook.uexp" 1304
"C:/Users/jola9182/Documents/GitHub/Project_Babadook/Content/Input/Actions/IA_ShadowPuzzleRoll.uasset" 1305
"C:/Users/jola9182/Documents/GitHub/Project_Babadook/Content/Input/Actions/IA_ShadowPuzzleRoll.uexp" 1306
"C:/Users/jola9182/Documents/GitHub/Project_Babadook/Content/Input/Actions/IA_ShadowPuzzleRotate.uasset" 1307
"C:/Users/jola9182/Documents/GitHub/Project_Babadook/Content/Input/Actions/IA_ShadowPuzzleRotate.uexp" 1308
"C:/Users/jola9182/Documents/GitHub/Project_Babadook/Content/Input/IMC_ShadowPuzzle.uasset" 1309
"C:/Users/jola9182/Documents/GitHub/Project_Babadook/Content/Input/IMC_ShadowPuzzle.uexp" 1310
"C:/Users/jola9182/Documents/GitHub/Project_Babadook/Content/Input/Actions/IA_Inventory.uasset" 1311
"C:/Users/jola9182/Documents/GitHub/Project_Babadook/Content/Input/Actions/IA_Inventory.uexp" 1312
"C:/Users/jola9182/Documents/GitHub/Project_Babadook/Content/Input/IMC_Test.uasset" 1313
"C:/Users/jola9182/Documents/GitHub/Project_Babadook/Content/Input/IMC_Test.uexp" 1314
"C:/Users/jola9182/Documents/GitHub/Project_Babadook/Content/FirstPerson/Blueprints/BP_FirstPersonCameraManager.uasset" 1315
"C:/Users/jola9182/Documents/GitHub/Project_Babadook/Content/FirstPerson/Blueprints/BP_FirstPersonCameraManager.uexp" 1316
"C:/Users/jola9182/Documents/GitHub/Project_Babadook/Content/BP_MyPlayerController.uasset" 1317
"C:/Users/jola9182/Documents/GitHub/Project_Babadook/Content/BP_MyPlayerController.uexp" 1318
"C:/Users/jola9182/Documents/GitHub/Project_Babadook/Content/FirstPerson/Inventory/WBP_InventoryTutorial.uasset" 1319
"C:/Users/jola9182/Documents/GitHub/Project_Babadook/Content/FirstPerson/Inventory/WBP_InventoryTutorial.uexp" 1320
"C:/Users/jola9182/Documents/GitHub/Project_Babadook/Content/BP_MyGameMode.uasset" 1321
"C:/Users/jola9182/Documents/GitHub/Project_Babadook/Content/BP_MyGameMode.uexp" 1322
"C:/Users/jola9182/Documents/GitHub/Project_Babadook/Content/Blueprints/BP_Checkpoint.uasset" 1323
"C:/Users/jola9182/Documents/GitHub/Project_Babadook/Content/Blueprints/BP_Checkpoint.uexp" 1324
"../../../Engine/Content/EngineMeshes/BackgroundMaterial.uasset" 1325
"../../../Engine/Content/EngineMeshes/BackgroundMaterial.uexp" 1326
"../../../Engine/Content/EngineMeshes/Cylinder.ubulk" 1327
"../../../Engine/Content/EngineMeshes/Cylinder.uasset" 1328
"../../../Engine/Content/EngineMeshes/Cylinder.uexp" 1329
"C:/Users/jola9182/Documents/GitHub/Project_Babadook/Content/Material/M_Solid_Blue.uasset" 1330
"C:/Users/jola9182/Documents/GitHub/Project_Babadook/Content/Material/M_Solid_Blue.uexp" 1331
"C:/Users/jola9182/Documents/GitHub/Project_Babadook/Content/Models/OilFlask.ubulk" 1332
"C:/Users/jola9182/Documents/GitHub/Project_Babadook/Content/Models/OilFlask.uasset" 1333
"C:/Users/jola9182/Documents/GitHub/Project_Babadook/Content/Models/OilFlask.uexp" 1334
"C:/Users/jola9182/Documents/GitHub/Project_Babadook/Content/BP_OilContainer.uasset" 1335
"C:/Users/jola9182/Documents/GitHub/Project_Babadook/Content/BP_OilContainer.uexp" 1336
"C:/Users/jola9182/Documents/GitHub/Project_Babadook/Content/Models/Sadra/M_PuzzleShape.uasset" 1337
"C:/Users/jola9182/Documents/GitHub/Project_Babadook/Content/Models/Sadra/M_PuzzleShape.uexp" 1338
"C:/Users/jola9182/Documents/GitHub/Project_Babadook/Content/Models/Sadra/PuzzleTang.ubulk" 1339
"C:/Users/jola9182/Documents/GitHub/Project_Babadook/Content/Models/Sadra/PuzzleTang.uasset" 1340
"C:/Users/jola9182/Documents/GitHub/Project_Babadook/Content/Models/Sadra/PuzzleTang.uexp" 1341
"C:/Users/jola9182/Documents/GitHub/Project_Babadook/Content/Models/Sadra/ShadowPuzzletexture.uasset" 1342
"C:/Users/jola9182/Documents/GitHub/Project_Babadook/Content/Models/Sadra/ShadowPuzzletexture.uexp" 1343
"C:/Users/jola9182/Documents/GitHub/Project_Babadook/Content/BP_ShadowPuzzleKeyItem.uasset" 1344
"C:/Users/jola9182/Documents/GitHub/Project_Babadook/Content/BP_ShadowPuzzleKeyItem.uexp" 1345
"C:/Users/jola9182/Documents/GitHub/Project_Babadook/Content/WBP_ShadowPuzzle.uasset" 1346
"C:/Users/jola9182/Documents/GitHub/Project_Babadook/Content/WBP_ShadowPuzzle.uexp" 1347
"C:/Users/jola9182/Documents/GitHub/Project_Babadook/Content/Audio/Painting.ubulk" 1348
"C:/Users/jola9182/Documents/GitHub/Project_Babadook/Content/Audio/Painting.uasset" 1349
"C:/Users/jola9182/Documents/GitHub/Project_Babadook/Content/Audio/Painting.uexp" 1350
"C:/Users/jola9182/Documents/GitHub/Project_Babadook/Content/Material/StoneWall/BricksWall_basecolor.ubulk" 1351
"C:/Users/jola9182/Documents/GitHub/Project_Babadook/Content/Material/StoneWall/BricksWall_basecolor.uasset" 1352
"C:/Users/jola9182/Documents/GitHub/Project_Babadook/Content/Material/StoneWall/BricksWall_basecolor.uexp" 1353
"C:/Users/jola9182/Documents/GitHub/Project_Babadook/Content/Material/StoneWall/BricksWall_height.ubulk" 1354
"C:/Users/jola9182/Documents/GitHub/Project_Babadook/Content/Material/StoneWall/BricksWall_height.uasset" 1355
"C:/Users/jola9182/Documents/GitHub/Project_Babadook/Content/Material/StoneWall/BricksWall_height.uexp" 1356
"C:/Users/jola9182/Documents/GitHub/Project_Babadook/Content/Material/StoneWall/BricksWall_normal.ubulk" 1357
"C:/Users/jola9182/Documents/GitHub/Project_Babadook/Content/Material/StoneWall/BricksWall_normal.uasset" 1358
"C:/Users/jola9182/Documents/GitHub/Project_Babadook/Content/Material/StoneWall/BricksWall_normal.uexp" 1359
"C:/Users/jola9182/Documents/GitHub/Project_Babadook/Content/Material/StoneWall/BricksWall_roughness.ubulk" 1360
"C:/Users/jola9182/Documents/GitHub/Project_Babadook/Content/Material/StoneWall/BricksWall_roughness.uasset" 1361
"C:/Users/jola9182/Documents/GitHub/Project_Babadook/Content/Material/StoneWall/BricksWall_roughness.uexp" 1362
"C:/Users/jola9182/Documents/GitHub/Project_Babadook/Content/Material/M_Stonewall.uasset" 1363
"C:/Users/jola9182/Documents/GitHub/Project_Babadook/Content/Material/M_Stonewall.uexp" 1364
"C:/Users/jola9182/Documents/GitHub/Project_Babadook/Content/Meshes/Blocks/SM_Stone_Square_Pillar.ubulk" 1365
"C:/Users/jola9182/Documents/GitHub/Project_Babadook/Content/Meshes/Blocks/SM_Stone_Square_Pillar.uasset" 1366
"C:/Users/jola9182/Documents/GitHub/Project_Babadook/Content/Meshes/Blocks/SM_Stone_Square_Pillar.uexp" 1367
"C:/Users/jola9182/Documents/GitHub/Project_Babadook/Content/BP_ShadowPuzzleManager.uasset" 1368
"C:/Users/jola9182/Documents/GitHub/Project_Babadook/Content/BP_ShadowPuzzleManager.uexp" 1369
"C:/Users/jola9182/Documents/GitHub/Project_Babadook/Content/BP_ShadowPuzzleManager2.uasset" 1370
"C:/Users/jola9182/Documents/GitHub/Project_Babadook/Content/BP_ShadowPuzzleManager2.uexp" 1371
"C:/Users/jola9182/Documents/GitHub/Project_Babadook/Content/Meshes/Models/SM_Wood_Door_Key.ubulk" 1372
"C:/Users/jola9182/Documents/GitHub/Project_Babadook/Content/Meshes/Models/SM_Wood_Door_Key.uasset" 1373
"C:/Users/jola9182/Documents/GitHub/Project_Babadook/Content/Meshes/Models/SM_Wood_Door_Key.uexp" 1374
"C:/Users/jola9182/Documents/GitHub/Project_Babadook/Content/Blueprints/BP_SmallDoor.uasset" 1375
"C:/Users/jola9182/Documents/GitHub/Project_Babadook/Content/Blueprints/BP_SmallDoor.uexp" 1376
"../../../Engine/Content/BasicShapes/BasicShapeMaterial.uasset" 1377
"../../../Engine/Content/BasicShapes/BasicShapeMaterial.uexp" 1378
"C:/Users/jola9182/Documents/GitHub/Project_Babadook/Content/Enemy/Body.uasset" 1379
"C:/Users/jola9182/Documents/GitHub/Project_Babadook/Content/Enemy/Body.uexp" 1380
"C:/Users/jola9182/Documents/GitHub/Project_Babadook/Content/Enemy/Cloak.uasset" 1381
"C:/Users/jola9182/Documents/GitHub/Project_Babadook/Content/Enemy/Cloak.uexp" 1382
"C:/Users/jola9182/Documents/GitHub/Project_Babadook/Content/Enemy/Dress.uasset" 1383
"C:/Users/jola9182/Documents/GitHub/Project_Babadook/Content/Enemy/Dress.uexp" 1384
"C:/Users/jola9182/Documents/GitHub/Project_Babadook/Content/Enemy/Crown.uasset" 1385
"C:/Users/jola9182/Documents/GitHub/Project_Babadook/Content/Enemy/Crown.uexp" 1386
"C:/Users/jola9182/Documents/GitHub/Project_Babadook/Content/Enemy/DressedRig2_PhysicsAsset.uasset" 1387
"C:/Users/jola9182/Documents/GitHub/Project_Babadook/Content/Enemy/DressedRig2_PhysicsAsset.uexp" 1388
"C:/Users/jola9182/Documents/GitHub/Project_Babadook/Content/Enemy/DressedRig2.uasset" 1389
"C:/Users/jola9182/Documents/GitHub/Project_Babadook/Content/Enemy/DressedRig2.uexp" 1390
"C:/Users/jola9182/Documents/GitHub/Project_Babadook/Content/Fab/Whisper/Base_Mesh/SKEL_Whisper_Skeleton.uasset" 1391
"C:/Users/jola9182/Documents/GitHub/Project_Babadook/Content/Fab/Whisper/Base_Mesh/SKEL_Whisper_Skeleton.uexp" 1392
"C:/Users/jola9182/Documents/GitHub/Project_Babadook/Content/Fab/Whisper/Animations/Anim_Whisper_Idle1.uasset" 1393
"C:/Users/jola9182/Documents/GitHub/Project_Babadook/Content/Fab/Whisper/Animations/Anim_Whisper_Idle1.uexp" 1394
"C:/Users/jola9182/Documents/GitHub/Project_Babadook/Content/Audio/SoundAttenuation/ATT_Angels.uasset" 1395
"C:/Users/jola9182/Documents/GitHub/Project_Babadook/Content/Audio/SoundAttenuation/ATT_Angels.uexp" 1396
"C:/Users/jola9182/Documents/GitHub/Project_Babadook/Content/Audio/SoundWaves/weepingangelsknarr-001.ubulk" 1397
"C:/Users/jola9182/Documents/GitHub/Project_Babadook/Content/Audio/SoundWaves/weepingangelsknarr-001.uasset" 1398
"C:/Users/jola9182/Documents/GitHub/Project_Babadook/Content/Audio/SoundWaves/weepingangelsknarr-001.uexp" 1399
"C:/Users/jola9182/Documents/GitHub/Project_Babadook/Content/Audio/SoundWaves/weepingangelsfootstep-001.ubulk" 1400
"C:/Users/jola9182/Documents/GitHub/Project_Babadook/Content/Audio/SoundWaves/weepingangelsfootstep-001.uasset" 1401
"C:/Users/jola9182/Documents/GitHub/Project_Babadook/Content/Audio/SoundWaves/weepingangelsfootstep-001.uexp" 1402
"C:/Users/jola9182/Documents/GitHub/Project_Babadook/Content/Audio/SoundWaves/weepingangelsfootstep-002.ubulk" 1403
"C:/Users/jola9182/Documents/GitHub/Project_Babadook/Content/Audio/SoundWaves/weepingangelsfootstep-002.uasset" 1404
"C:/Users/jola9182/Documents/GitHub/Project_Babadook/Content/Audio/SoundWaves/weepingangelsfootstep-002.uexp" 1405
"C:/Users/jola9182/Documents/GitHub/Project_Babadook/Content/Audio/SoundWaves/weepingangelsfootstep-003.ubulk" 1406
"C:/Users/jola9182/Documents/GitHub/Project_Babadook/Content/Audio/SoundWaves/weepingangelsfootstep-003.uasset" 1407
"C:/Users/jola9182/Documents/GitHub/Project_Babadook/Content/Audio/SoundWaves/weepingangelsfootstep-003.uexp" 1408
"C:/Users/jola9182/Documents/GitHub/Project_Babadook/Content/Audio/SoundWaves/weepingangelsfootstep-004.ubulk" 1409
"C:/Users/jola9182/Documents/GitHub/Project_Babadook/Content/Audio/SoundWaves/weepingangelsfootstep-004.uasset" 1410
"C:/Users/jola9182/Documents/GitHub/Project_Babadook/Content/Audio/SoundWaves/weepingangelsfootstep-004.uexp" 1411
"C:/Users/jola9182/Documents/GitHub/Project_Babadook/Content/Audio/SoundWaves/weepingangelsfootstep-005.ubulk" 1412
"C:/Users/jola9182/Documents/GitHub/Project_Babadook/Content/Audio/SoundWaves/weepingangelsfootstep-005.uasset" 1413
"C:/Users/jola9182/Documents/GitHub/Project_Babadook/Content/Audio/SoundWaves/weepingangelsfootstep-005.uexp" 1414
"C:/Users/jola9182/Documents/GitHub/Project_Babadook/Content/Audio/SoundWaves/weepingangelsfootstep-006.ubulk" 1415
"C:/Users/jola9182/Documents/GitHub/Project_Babadook/Content/Audio/SoundWaves/weepingangelsfootstep-006.uasset" 1416
"C:/Users/jola9182/Documents/GitHub/Project_Babadook/Content/Audio/SoundWaves/weepingangelsfootstep-006.uexp" 1417
"C:/Users/jola9182/Documents/GitHub/Project_Babadook/Content/Audio/SoundWaves/weepingangelsfootstep-007.ubulk" 1418
"C:/Users/jola9182/Documents/GitHub/Project_Babadook/Content/Audio/SoundWaves/weepingangelsfootstep-007.uasset" 1419
"C:/Users/jola9182/Documents/GitHub/Project_Babadook/Content/Audio/SoundWaves/weepingangelsfootstep-007.uexp" 1420
"C:/Users/jola9182/Documents/GitHub/Project_Babadook/Content/Audio/SoundWaves/weepingangelsfootstep-008.ubulk" 1421
"C:/Users/jola9182/Documents/GitHub/Project_Babadook/Content/Audio/SoundWaves/weepingangelsfootstep-008.uasset" 1422
"C:/Users/jola9182/Documents/GitHub/Project_Babadook/Content/Audio/SoundWaves/weepingangelsfootstep-008.uexp" 1423
"C:/Users/jola9182/Documents/GitHub/Project_Babadook/Content/Audio/SoundWaves/weepingangelsfootstep-009.ubulk" 1424
"C:/Users/jola9182/Documents/GitHub/Project_Babadook/Content/Audio/SoundWaves/weepingangelsfootstep-009.uasset" 1425
"C:/Users/jola9182/Documents/GitHub/Project_Babadook/Content/Audio/SoundWaves/weepingangelsfootstep-009.uexp" 1426
"C:/Users/jola9182/Documents/GitHub/Project_Babadook/Content/Audio/SoundWaves/weepingangelsfootstep-010.ubulk" 1427
"C:/Users/jola9182/Documents/GitHub/Project_Babadook/Content/Audio/SoundWaves/weepingangelsfootstep-010.uasset" 1428
"C:/Users/jola9182/Documents/GitHub/Project_Babadook/Content/Audio/SoundWaves/weepingangelsfootstep-010.uexp" 1429
"C:/Users/jola9182/Documents/GitHub/Project_Babadook/Content/Audio/SoundWaves/weepingangelsknarr-002.ubulk" 1430
"C:/Users/jola9182/Documents/GitHub/Project_Babadook/Content/Audio/SoundWaves/weepingangelsknarr-002.uasset" 1431
"C:/Users/jola9182/Documents/GitHub/Project_Babadook/Content/Audio/SoundWaves/weepingangelsknarr-002.uexp" 1432
"C:/Users/jola9182/Documents/GitHub/Project_Babadook/Content/Audio/SoundWaves/weepingangelsknarr-003.ubulk" 1433
"C:/Users/jola9182/Documents/GitHub/Project_Babadook/Content/Audio/SoundWaves/weepingangelsknarr-003.uasset" 1434
"C:/Users/jola9182/Documents/GitHub/Project_Babadook/Content/Audio/SoundWaves/weepingangelsknarr-003.uexp" 1435
"C:/Users/jola9182/Documents/GitHub/Project_Babadook/Content/Audio/SoundWaves/weepingangelsknarr-004.ubulk" 1436
"C:/Users/jola9182/Documents/GitHub/Project_Babadook/Content/Audio/SoundWaves/weepingangelsknarr-004.uasset" 1437
"C:/Users/jola9182/Documents/GitHub/Project_Babadook/Content/Audio/SoundWaves/weepingangelsknarr-004.uexp" 1438
"C:/Users/jola9182/Documents/GitHub/Project_Babadook/Content/Audio/SoundWaves/weepingangelsknarr-005.ubulk" 1439
"C:/Users/jola9182/Documents/GitHub/Project_Babadook/Content/Audio/SoundWaves/weepingangelsknarr-005.uasset" 1440
"C:/Users/jola9182/Documents/GitHub/Project_Babadook/Content/Audio/SoundWaves/weepingangelsknarr-005.uexp" 1441
"C:/Users/jola9182/Documents/GitHub/Project_Babadook/Content/Audio/SoundWaves/weepingangelsknarr-006.ubulk" 1442
"C:/Users/jola9182/Documents/GitHub/Project_Babadook/Content/Audio/SoundWaves/weepingangelsknarr-006.uasset" 1443
"C:/Users/jola9182/Documents/GitHub/Project_Babadook/Content/Audio/SoundWaves/weepingangelsknarr-006.uexp" 1444
"C:/Users/jola9182/Documents/GitHub/Project_Babadook/Content/Audio/SoundWaves/weepingangelsknarr-007.ubulk" 1445
"C:/Users/jola9182/Documents/GitHub/Project_Babadook/Content/Audio/SoundWaves/weepingangelsknarr-007.uasset" 1446
"C:/Users/jola9182/Documents/GitHub/Project_Babadook/Content/Audio/SoundWaves/weepingangelsknarr-007.uexp" 1447
"C:/Users/jola9182/Documents/GitHub/Project_Babadook/Content/Audio/SoundWaves/weepingangelsknarr-008.ubulk" 1448
"C:/Users/jola9182/Documents/GitHub/Project_Babadook/Content/Audio/SoundWaves/weepingangelsknarr-008.uasset" 1449
"C:/Users/jola9182/Documents/GitHub/Project_Babadook/Content/Audio/SoundWaves/weepingangelsknarr-008.uexp" 1450
"C:/Users/jola9182/Documents/GitHub/Project_Babadook/Content/Audio/SoundWaves/weepingangelsknarr-009.ubulk" 1451
"C:/Users/jola9182/Documents/GitHub/Project_Babadook/Content/Audio/SoundWaves/weepingangelsknarr-009.uasset" 1452
"C:/Users/jola9182/Documents/GitHub/Project_Babadook/Content/Audio/SoundWaves/weepingangelsknarr-009.uexp" 1453
"C:/Users/jola9182/Documents/GitHub/Project_Babadook/Content/Audio/SoundWaves/weepingangelsknarr-010.ubulk" 1454
"C:/Users/jola9182/Documents/GitHub/Project_Babadook/Content/Audio/SoundWaves/weepingangelsknarr-010.uasset" 1455
"C:/Users/jola9182/Documents/GitHub/Project_Babadook/Content/Audio/SoundWaves/weepingangelsknarr-010.uexp" 1456
"C:/Users/jola9182/Documents/GitHub/Project_Babadook/Content/Audio/SoundWaves/weepingangelsknarr-011.ubulk" 1457
"C:/Users/jola9182/Documents/GitHub/Project_Babadook/Content/Audio/SoundWaves/weepingangelsknarr-011.uasset" 1458
"C:/Users/jola9182/Documents/GitHub/Project_Babadook/Content/Audio/SoundWaves/weepingangelsknarr-011.uexp" 1459
"C:/Users/jola9182/Documents/GitHub/Project_Babadook/Content/Audio/SoundWaves/weepingangelsknarr-012.ubulk" 1460
"C:/Users/jola9182/Documents/GitHub/Project_Babadook/Content/Audio/SoundWaves/weepingangelsknarr-012.uasset" 1461
"C:/Users/jola9182/Documents/GitHub/Project_Babadook/Content/Audio/SoundWaves/weepingangelsknarr-012.uexp" 1462
"C:/Users/jola9182/Documents/GitHub/Project_Babadook/Content/Audio/SoundWaves/weepingangelsknarr-013.ubulk" 1463
"C:/Users/jola9182/Documents/GitHub/Project_Babadook/Content/Audio/SoundWaves/weepingangelsknarr-013.uasset" 1464
"C:/Users/jola9182/Documents/GitHub/Project_Babadook/Content/Audio/SoundWaves/weepingangelsknarr-013.uexp" 1465
"C:/Users/jola9182/Documents/GitHub/Project_Babadook/Content/Audio/SoundWaves/weepingangelsknarr-014.ubulk" 1466
"C:/Users/jola9182/Documents/GitHub/Project_Babadook/Content/Audio/SoundWaves/weepingangelsknarr-014.uasset" 1467
"C:/Users/jola9182/Documents/GitHub/Project_Babadook/Content/Audio/SoundWaves/weepingangelsknarr-014.uexp" 1468
"C:/Users/jola9182/Documents/GitHub/Project_Babadook/Content/Audio/SoundWaves/weepingangelsknarr-015.ubulk" 1469
"C:/Users/jola9182/Documents/GitHub/Project_Babadook/Content/Audio/SoundWaves/weepingangelsknarr-015.uasset" 1470
"C:/Users/jola9182/Documents/GitHub/Project_Babadook/Content/Audio/SoundWaves/weepingangelsknarr-015.uexp" 1471
"C:/Users/jola9182/Documents/GitHub/Project_Babadook/Content/Audio/SoundWaves/weepingangelsknarr-016.ubulk" 1472
"C:/Users/jola9182/Documents/GitHub/Project_Babadook/Content/Audio/SoundWaves/weepingangelsknarr-016.uasset" 1473
"C:/Users/jola9182/Documents/GitHub/Project_Babadook/Content/Audio/SoundWaves/weepingangelsknarr-016.uexp" 1474
"C:/Users/jola9182/Documents/GitHub/Project_Babadook/Content/Audio/SoundWaves/weepingangelsknarr-017.ubulk" 1475
"C:/Users/jola9182/Documents/GitHub/Project_Babadook/Content/Audio/SoundWaves/weepingangelsknarr-017.uasset" 1476
"C:/Users/jola9182/Documents/GitHub/Project_Babadook/Content/Audio/SoundWaves/weepingangelsknarr-017.uexp" 1477
"C:/Users/jola9182/Documents/GitHub/Project_Babadook/Content/Audio/SoundWaves/weepingangelsknarr-018.ubulk" 1478
"C:/Users/jola9182/Documents/GitHub/Project_Babadook/Content/Audio/SoundWaves/weepingangelsknarr-018.uasset" 1479
"C:/Users/jola9182/Documents/GitHub/Project_Babadook/Content/Audio/SoundWaves/weepingangelsknarr-018.uexp" 1480
"C:/Users/jola9182/Documents/GitHub/Project_Babadook/Content/Audio/SoundWaves/weepingangelsknarr-019.ubulk" 1481
"C:/Users/jola9182/Documents/GitHub/Project_Babadook/Content/Audio/SoundWaves/weepingangelsknarr-019.uasset" 1482
"C:/Users/jola9182/Documents/GitHub/Project_Babadook/Content/Audio/SoundWaves/weepingangelsknarr-019.uexp" 1483
"C:/Users/jola9182/Documents/GitHub/Project_Babadook/Content/Audio/SoundWaves/weepingangelsknarr-020.ubulk" 1484
"C:/Users/jola9182/Documents/GitHub/Project_Babadook/Content/Audio/SoundWaves/weepingangelsknarr-020.uasset" 1485
"C:/Users/jola9182/Documents/GitHub/Project_Babadook/Content/Audio/SoundWaves/weepingangelsknarr-020.uexp" 1486
"C:/Users/jola9182/Documents/GitHub/Project_Babadook/Content/Audio/SoundWaves/weepingangelsknarr-021.ubulk" 1487
"C:/Users/jola9182/Documents/GitHub/Project_Babadook/Content/Audio/SoundWaves/weepingangelsknarr-021.uasset" 1488
"C:/Users/jola9182/Documents/GitHub/Project_Babadook/Content/Audio/SoundWaves/weepingangelsknarr-021.uexp" 1489
"C:/Users/jola9182/Documents/GitHub/Project_Babadook/Content/Audio/SoundWaves/weepingangelsknarr-022.ubulk" 1490
"C:/Users/jola9182/Documents/GitHub/Project_Babadook/Content/Audio/SoundWaves/weepingangelsknarr-022.uasset" 1491
"C:/Users/jola9182/Documents/GitHub/Project_Babadook/Content/Audio/SoundWaves/weepingangelsknarr-022.uexp" 1492
"C:/Users/jola9182/Documents/GitHub/Project_Babadook/Content/Audio/SoundWaves/weepinganglesjingle-001.ubulk" 1493
"C:/Users/jola9182/Documents/GitHub/Project_Babadook/Content/Audio/SoundWaves/weepinganglesjingle-001.uasset" 1494
"C:/Users/jola9182/Documents/GitHub/Project_Babadook/Content/Audio/SoundWaves/weepinganglesjingle-001.uexp" 1495
"C:/Users/jola9182/Documents/GitHub/Project_Babadook/Content/Audio/SoundWaves/weepinganglesjingle-002.ubulk" 1496
"C:/Users/jola9182/Documents/GitHub/Project_Babadook/Content/Audio/SoundWaves/weepinganglesjingle-002.uasset" 1497
"C:/Users/jola9182/Documents/GitHub/Project_Babadook/Content/Audio/SoundWaves/weepinganglesjingle-002.uexp" 1498
"C:/Users/jola9182/Documents/GitHub/Project_Babadook/Content/Audio/SoundWaves/weepinganglesjingle-003.ubulk" 1499
"C:/Users/jola9182/Documents/GitHub/Project_Babadook/Content/Audio/SoundWaves/weepinganglesjingle-003.uasset" 1500
"C:/Users/jola9182/Documents/GitHub/Project_Babadook/Content/Audio/SoundWaves/weepinganglesjingle-003.uexp" 1501
"C:/Users/jola9182/Documents/GitHub/Project_Babadook/Content/Audio/SoundWaves/weepinganglesjingle-004.ubulk" 1502
"C:/Users/jola9182/Documents/GitHub/Project_Babadook/Content/Audio/SoundWaves/weepinganglesjingle-004.uasset" 1503
"C:/Users/jola9182/Documents/GitHub/Project_Babadook/Content/Audio/SoundWaves/weepinganglesjingle-004.uexp" 1504
"C:/Users/jola9182/Documents/GitHub/Project_Babadook/Content/Audio/SoundWaves/weepinganglesjingle-005.ubulk" 1505
"C:/Users/jola9182/Documents/GitHub/Project_Babadook/Content/Audio/SoundWaves/weepinganglesjingle-005.uasset" 1506
"C:/Users/jola9182/Documents/GitHub/Project_Babadook/Content/Audio/SoundWaves/weepinganglesjingle-005.uexp" 1507
"C:/Users/jola9182/Documents/GitHub/Project_Babadook/Content/Audio/SoundWaves/weepinganglesjingle-006.ubulk" 1508
"C:/Users/jola9182/Documents/GitHub/Project_Babadook/Content/Audio/SoundWaves/weepinganglesjingle-006.uasset" 1509
"C:/Users/jola9182/Documents/GitHub/Project_Babadook/Content/Audio/SoundWaves/weepinganglesjingle-006.uexp" 1510
"C:/Users/jola9182/Documents/GitHub/Project_Babadook/Content/Audio/SoundWaves/weepinganglesjingle-007.ubulk" 1511
"C:/Users/jola9182/Documents/GitHub/Project_Babadook/Content/Audio/SoundWaves/weepinganglesjingle-007.uasset" 1512
"C:/Users/jola9182/Documents/GitHub/Project_Babadook/Content/Audio/SoundWaves/weepinganglesjingle-007.uexp" 1513
"C:/Users/jola9182/Documents/GitHub/Project_Babadook/Content/Audio/SoundWaves/weepinganglesjingle-008.ubulk" 1514
"C:/Users/jola9182/Documents/GitHub/Project_Babadook/Content/Audio/SoundWaves/weepinganglesjingle-008.uasset" 1515
"C:/Users/jola9182/Documents/GitHub/Project_Babadook/Content/Audio/SoundWaves/weepinganglesjingle-008.uexp" 1516
"C:/Users/jola9182/Documents/GitHub/Project_Babadook/Content/Audio/SoundWaves/weepinganglesjingle-009.ubulk" 1517
"C:/Users/jola9182/Documents/GitHub/Project_Babadook/Content/Audio/SoundWaves/weepinganglesjingle-009.uasset" 1518
"C:/Users/jola9182/Documents/GitHub/Project_Babadook/Content/Audio/SoundWaves/weepinganglesjingle-009.uexp" 1519
"C:/Users/jola9182/Documents/GitHub/Project_Babadook/Content/Audio/SoundWaves/weepinganglesjingle-010.ubulk" 1520
"C:/Users/jola9182/Documents/GitHub/Project_Babadook/Content/Audio/SoundWaves/weepinganglesjingle-010.uasset" 1521
"C:/Users/jola9182/Documents/GitHub/Project_Babadook/Content/Audio/SoundWaves/weepinganglesjingle-010.uexp" 1522
"C:/Users/jola9182/Documents/GitHub/Project_Babadook/Content/Audio/SoundWaves/weepinganglesjingle-011.ubulk" 1523
"C:/Users/jola9182/Documents/GitHub/Project_Babadook/Content/Audio/SoundWaves/weepinganglesjingle-011.uasset" 1524
"C:/Users/jola9182/Documents/GitHub/Project_Babadook/Content/Audio/SoundWaves/weepinganglesjingle-011.uexp" 1525
"C:/Users/jola9182/Documents/GitHub/Project_Babadook/Content/Audio/SoundWaves/weepinganglesjingle-012.ubulk" 1526
"C:/Users/jola9182/Documents/GitHub/Project_Babadook/Content/Audio/SoundWaves/weepinganglesjingle-012.uasset" 1527
"C:/Users/jola9182/Documents/GitHub/Project_Babadook/Content/Audio/SoundWaves/weepinganglesjingle-012.uexp" 1528
"C:/Users/jola9182/Documents/GitHub/Project_Babadook/Content/Audio/SoundWaves/weepinganglesjingle-013.ubulk" 1529
"C:/Users/jola9182/Documents/GitHub/Project_Babadook/Content/Audio/SoundWaves/weepinganglesjingle-013.uasset" 1530
"C:/Users/jola9182/Documents/GitHub/Project_Babadook/Content/Audio/SoundWaves/weepinganglesjingle-013.uexp" 1531
"C:/Users/jola9182/Documents/GitHub/Project_Babadook/Content/Audio/SoundWaves/weepinganglesjingle-014.ubulk" 1532
"C:/Users/jola9182/Documents/GitHub/Project_Babadook/Content/Audio/SoundWaves/weepinganglesjingle-014.uasset" 1533
"C:/Users/jola9182/Documents/GitHub/Project_Babadook/Content/Audio/SoundWaves/weepinganglesjingle-014.uexp" 1534
"C:/Users/jola9182/Documents/GitHub/Project_Babadook/Content/Audio/SoundWaves/weepinganglesjingle-015.ubulk" 1535
"C:/Users/jola9182/Documents/GitHub/Project_Babadook/Content/Audio/SoundWaves/weepinganglesjingle-015.uasset" 1536
"C:/Users/jola9182/Documents/GitHub/Project_Babadook/Content/Audio/SoundWaves/weepinganglesjingle-015.uexp" 1537
"C:/Users/jola9182/Documents/GitHub/Project_Babadook/Content/Audio/SoundWaves/weepinganglesjingle-016.ubulk" 1538
"C:/Users/jola9182/Documents/GitHub/Project_Babadook/Content/Audio/SoundWaves/weepinganglesjingle-016.uasset" 1539
"C:/Users/jola9182/Documents/GitHub/Project_Babadook/Content/Audio/SoundWaves/weepinganglesjingle-016.uexp" 1540
"C:/Users/jola9182/Documents/GitHub/Project_Babadook/Content/Audio/SoundWaves/weepinganglesjingle-017.ubulk" 1541
"C:/Users/jola9182/Documents/GitHub/Project_Babadook/Content/Audio/SoundWaves/weepinganglesjingle-017.uasset" 1542
"C:/Users/jola9182/Documents/GitHub/Project_Babadook/Content/Audio/SoundWaves/weepinganglesjingle-017.uexp" 1543
"C:/Users/jola9182/Documents/GitHub/Project_Babadook/Content/Audio/SoundWaves/weepinganglesjingle-018.ubulk" 1544
"C:/Users/jola9182/Documents/GitHub/Project_Babadook/Content/Audio/SoundWaves/weepinganglesjingle-018.uasset" 1545
"C:/Users/jola9182/Documents/GitHub/Project_Babadook/Content/Audio/SoundWaves/weepinganglesjingle-018.uexp" 1546
"C:/Users/jola9182/Documents/GitHub/Project_Babadook/Content/Audio/SoundWaves/weepinganglesjingle-019.ubulk" 1547
"C:/Users/jola9182/Documents/GitHub/Project_Babadook/Content/Audio/SoundWaves/weepinganglesjingle-019.uasset" 1548
"C:/Users/jola9182/Documents/GitHub/Project_Babadook/Content/Audio/SoundWaves/weepinganglesjingle-019.uexp" 1549
"C:/Users/jola9182/Documents/GitHub/Project_Babadook/Content/Audio/SoundWaves/weepinganglesjingle-020.ubulk" 1550
"C:/Users/jola9182/Documents/GitHub/Project_Babadook/Content/Audio/SoundWaves/weepinganglesjingle-020.uasset" 1551
"C:/Users/jola9182/Documents/GitHub/Project_Babadook/Content/Audio/SoundWaves/weepinganglesjingle-020.uexp" 1552
"C:/Users/jola9182/Documents/GitHub/Project_Babadook/Content/Audio/SoundCues/S_WeepingAngelsFoley_C.uasset" 1553
"C:/Users/jola9182/Documents/GitHub/Project_Babadook/Content/Audio/SoundCues/S_WeepingAngelsFoley_C.uexp" 1554
"C:/Users/jola9182/Documents/GitHub/Project_Babadook/Content/Fab/Whisper/Animations/Anim_Whisper_Walk2.uasset" 1555
"C:/Users/jola9182/Documents/GitHub/Project_Babadook/Content/Fab/Whisper/Animations/Anim_Whisper_Walk2.uexp" 1556
"C:/Users/jola9182/Documents/GitHub/Project_Babadook/Content/Fab/Whisper/Animations/Anim_Whisper_Walk_Back.uasset" 1557
"C:/Users/jola9182/Documents/GitHub/Project_Babadook/Content/Fab/Whisper/Animations/Anim_Whisper_Walk_Back.uexp" 1558
"C:/Users/jola9182/Documents/GitHub/Project_Babadook/Content/Fab/Whisper/Animations/Anim_Whisper_Walk_Left.uasset" 1559
"C:/Users/jola9182/Documents/GitHub/Project_Babadook/Content/Fab/Whisper/Animations/Anim_Whisper_Walk_Left.uexp" 1560
"C:/Users/jola9182/Documents/GitHub/Project_Babadook/Content/Fab/Whisper/Animations/Anim_Whisper_Walk_Right.uasset" 1561
"C:/Users/jola9182/Documents/GitHub/Project_Babadook/Content/Fab/Whisper/Animations/Anim_Whisper_Walk_Right.uexp" 1562
"C:/Users/jola9182/Documents/GitHub/Project_Babadook/Content/Blueprints/BS_motion.uasset" 1563
"C:/Users/jola9182/Documents/GitHub/Project_Babadook/Content/Blueprints/BS_motion.uexp" 1564
"C:/Users/jola9182/Documents/GitHub/Project_Babadook/Content/Blueprints/ABP_WeepingAngel.uasset" 1565
"C:/Users/jola9182/Documents/GitHub/Project_Babadook/Content/Blueprints/ABP_WeepingAngel.uexp" 1566
"C:/Users/jola9182/Documents/GitHub/Project_Babadook/Content/AI/BB_WeepingAngel.uasset" 1567
"C:/Users/jola9182/Documents/GitHub/Project_Babadook/Content/AI/BB_WeepingAngel.uexp" 1568
"C:/Users/jola9182/Documents/GitHub/Project_Babadook/Content/AI/BT_WeepingAngel.uasset" 1569
"C:/Users/jola9182/Documents/GitHub/Project_Babadook/Content/AI/BT_WeepingAngel.uexp" 1570
"C:/Users/jola9182/Documents/GitHub/Project_Babadook/Content/Blueprints/BP_WeepingAngelAIController.uasset" 1571
"C:/Users/jola9182/Documents/GitHub/Project_Babadook/Content/Blueprints/BP_WeepingAngelAIController.uexp" 1572
"C:/Users/jola9182/Documents/GitHub/Project_Babadook/Content/Blueprints/BP_WeepingAngel.uasset" 1573
"C:/Users/jola9182/Documents/GitHub/Project_Babadook/Content/Blueprints/BP_WeepingAngel.uexp" 1574
"../../../Engine/Content/Functions/Engine_MaterialFunctions02/Utility/BreakOutFloat4Components.uasset" 1575
"../../../Engine/Content/Functions/Engine_MaterialFunctions02/Utility/BreakOutFloat4Components.uexp" 1576
"../../../Engine/Content/EngineResources/DefaultVolumeTexture2D.uasset" 1577
"../../../Engine/Content/EngineResources/DefaultVolumeTexture2D.uexp" 1578
"../../../Engine/Content/EngineResources/DefaultVolumeTexture.uasset" 1579
"../../../Engine/Content/EngineResources/DefaultVolumeTexture.uexp" 1580
"../../../Engine/Content/EngineSky/VolumetricClouds/VT_Lightning.uasset" 1581
"../../../Engine/Content/EngineSky/VolumetricClouds/VT_Lightning.uexp" 1582
"../../../Engine/Content/Functions/Engine_MaterialFunctions01/Units/Km-to-Cm.uasset" 1583
"../../../Engine/Content/Functions/Engine_MaterialFunctions01/Units/Km-to-Cm.uexp" 1584
"../../../Engine/Content/EngineSky/VolumetricClouds/m_SimpleVolumetricCloud.uasset" 1585
"../../../Engine/Content/EngineSky/VolumetricClouds/m_SimpleVolumetricCloud.uexp" 1586
"../../../Engine/Content/EngineSky/VolumetricClouds/T_CloudMask.ubulk" 1587
"../../../Engine/Content/EngineSky/VolumetricClouds/T_CloudMask.uasset" 1588
"../../../Engine/Content/EngineSky/VolumetricClouds/T_CloudMask.uexp" 1589
"../../../Engine/Content/EngineSky/VolumetricClouds/T_CloudPattern.ubulk" 1590
"../../../Engine/Content/EngineSky/VolumetricClouds/T_CloudPattern.uasset" 1591
"../../../Engine/Content/EngineSky/VolumetricClouds/T_CloudPattern.uexp" 1592
"../../../Engine/Content/EngineSky/VolumetricClouds/T_Profile_08.ubulk" 1593
"../../../Engine/Content/EngineSky/VolumetricClouds/T_Profile_08.uasset" 1594
"../../../Engine/Content/EngineSky/VolumetricClouds/T_Profile_08.uexp" 1595
"../../../Engine/Content/EngineSky/VolumetricClouds/VT_PerlinWorley_Balanced.uasset" 1596
"../../../Engine/Content/EngineSky/VolumetricClouds/VT_PerlinWorley_Balanced.uexp" 1597
"../../../Engine/Content/EngineSky/VolumetricClouds/m_SimpleVolumetricCloud_Inst.uasset" 1598
"../../../Engine/Content/EngineSky/VolumetricClouds/m_SimpleVolumetricCloud_Inst.uexp" 1599
"C:/Users/jola9182/Documents/GitHub/Project_Babadook/Content/Models/Sadra/BP_ShadowPuzzlePawn.uasset" 1600
"C:/Users/jola9182/Documents/GitHub/Project_Babadook/Content/Models/Sadra/BP_ShadowPuzzlePawn.uexp" 1601
"C:/Users/jola9182/Documents/GitHub/Project_Babadook/Content/Models/Sadra/PuzzletangPainting.uasset" 1602
"C:/Users/jola9182/Documents/GitHub/Project_Babadook/Content/Models/Sadra/PuzzletangPainting.uexp" 1603
"C:/Users/jola9182/Documents/GitHub/Project_Babadook/Content/Models/Sadra/PuzzletangPainting_Mat.uasset" 1604
"C:/Users/jola9182/Documents/GitHub/Project_Babadook/Content/Models/Sadra/PuzzletangPainting_Mat.uexp" 1605
"../../../Engine/Plugins/Animation/ControlRig/Content/Controls/ControlRig_Circle_solid.ubulk" 1606
"../../../Engine/Plugins/Animation/ControlRig/Content/Controls/ControlRig_Circle_solid.uasset" 1607
"../../../Engine/Plugins/Animation/ControlRig/Content/Controls/ControlRig_Circle_solid.uexp" 1608
"../../../Engine/Plugins/Animation/ControlRig/Content/Controls/ControlRig_HalfCircle_solid.ubulk" 1609
"../../../Engine/Plugins/Animation/ControlRig/Content/Controls/ControlRig_HalfCircle_solid.uasset" 1610
"../../../Engine/Plugins/Animation/ControlRig/Content/Controls/ControlRig_HalfCircle_solid.uexp" 1611
"../../../Engine/Plugins/Animation/ControlRig/Content/Controls/ControlRig_Pyramid_solid.ubulk" 1612
"../../../Engine/Plugins/Animation/ControlRig/Content/Controls/ControlRig_Pyramid_solid.uasset" 1613
"../../../Engine/Plugins/Animation/ControlRig/Content/Controls/ControlRig_Pyramid_solid.uexp" 1614
"../../../Engine/Plugins/Animation/ControlRig/Content/Controls/ControlRig_RoundedSquare_solid.ubulk" 1615
"../../../Engine/Plugins/Animation/ControlRig/Content/Controls/ControlRig_RoundedSquare_solid.uasset" 1616
"../../../Engine/Plugins/Animation/ControlRig/Content/Controls/ControlRig_RoundedSquare_solid.uexp" 1617
"../../../Engine/Plugins/Animation/ControlRig/Content/Controls/ControlRig_Star4_solid.ubulk" 1618
"../../../Engine/Plugins/Animation/ControlRig/Content/Controls/ControlRig_Star4_solid.uasset" 1619
"../../../Engine/Plugins/Animation/ControlRig/Content/Controls/ControlRig_Star4_solid.uexp" 1620
"../../../Engine/Plugins/Animation/ControlRig/Content/Controls/ControlRig_Triangle_solid.ubulk" 1621
"../../../Engine/Plugins/Animation/ControlRig/Content/Controls/ControlRig_Triangle_solid.uasset" 1622
"../../../Engine/Plugins/Animation/ControlRig/Content/Controls/ControlRig_Triangle_solid.uexp" 1623
"C:/Users/jola9182/Documents/GitHub/Project_Babadook/Content/Audio/SoundAttenuation/ATT_Window.uasset" 1624
"C:/Users/jola9182/Documents/GitHub/Project_Babadook/Content/Audio/SoundAttenuation/ATT_Window.uexp" 1625
"C:/Users/jola9182/Documents/GitHub/Project_Babadook/Content/Audio/SoundClass/SC_Ambience.uasset" 1626
"C:/Users/jola9182/Documents/GitHub/Project_Babadook/Content/Audio/SoundClass/SC_Ambience.uexp" 1627
"C:/Users/jola9182/Documents/GitHub/Project_Babadook/Content/Audio/SoundClass/SC_Music.uasset" 1628
"C:/Users/jola9182/Documents/GitHub/Project_Babadook/Content/Audio/SoundClass/SC_Music.uexp" 1629
"C:/Users/jola9182/Documents/GitHub/Project_Babadook/Content/Audio/SoundClass/SCM_AmbienceLowered.uasset" 1630
"C:/Users/jola9182/Documents/GitHub/Project_Babadook/Content/Audio/SoundClass/SCM_AmbienceLowered.uexp" 1631
"C:/Users/jola9182/Documents/GitHub/Project_Babadook/Content/Audio/Blueprint/BP_LessAmbience.uasset" 1632
"C:/Users/jola9182/Documents/GitHub/Project_Babadook/Content/Audio/Blueprint/BP_LessAmbience.uexp" 1633
"C:/Users/jola9182/Documents/GitHub/Project_Babadook/Content/Audio/MetaSounds/MS_Ambience.uasset" 1634
"C:/Users/jola9182/Documents/GitHub/Project_Babadook/Content/Audio/MetaSounds/MS_Ambience.uexp" 1635
"C:/Users/jola9182/Documents/GitHub/Project_Babadook/Content/Audio/MetaSounds/MS_AmbienceWind.uasset" 1636
"C:/Users/jola9182/Documents/GitHub/Project_Babadook/Content/Audio/MetaSounds/MS_AmbienceWind.uexp" 1637
"C:/Users/jola9182/Documents/GitHub/Project_Babadook/Content/Audio/SoundWaves/ambienceknarr-001.ubulk" 1638
"C:/Users/jola9182/Documents/GitHub/Project_Babadook/Content/Audio/SoundWaves/ambienceknarr-001.uasset" 1639
"C:/Users/jola9182/Documents/GitHub/Project_Babadook/Content/Audio/SoundWaves/ambienceknarr-001.uexp" 1640
"C:/Users/jola9182/Documents/GitHub/Project_Babadook/Content/Audio/SoundWaves/ambienceknarr-002.ubulk" 1641
"C:/Users/jola9182/Documents/GitHub/Project_Babadook/Content/Audio/SoundWaves/ambienceknarr-002.uasset" 1642
"C:/Users/jola9182/Documents/GitHub/Project_Babadook/Content/Audio/SoundWaves/ambienceknarr-002.uexp" 1643
"C:/Users/jola9182/Documents/GitHub/Project_Babadook/Content/Audio/SoundWaves/ambienceknarr-003.ubulk" 1644
"C:/Users/jola9182/Documents/GitHub/Project_Babadook/Content/Audio/SoundWaves/ambienceknarr-003.uasset" 1645
"C:/Users/jola9182/Documents/GitHub/Project_Babadook/Content/Audio/SoundWaves/ambienceknarr-003.uexp" 1646
"C:/Users/jola9182/Documents/GitHub/Project_Babadook/Content/Audio/SoundWaves/ambienceknarr-004.ubulk" 1647
"C:/Users/jola9182/Documents/GitHub/Project_Babadook/Content/Audio/SoundWaves/ambienceknarr-004.uasset" 1648
"C:/Users/jola9182/Documents/GitHub/Project_Babadook/Content/Audio/SoundWaves/ambienceknarr-004.uexp" 1649
"C:/Users/jola9182/Documents/GitHub/Project_Babadook/Content/Audio/SoundWaves/ambienceknarr-005.ubulk" 1650
"C:/Users/jola9182/Documents/GitHub/Project_Babadook/Content/Audio/SoundWaves/ambienceknarr-005.uasset" 1651
"C:/Users/jola9182/Documents/GitHub/Project_Babadook/Content/Audio/SoundWaves/ambienceknarr-005.uexp" 1652
"C:/Users/jola9182/Documents/GitHub/Project_Babadook/Content/Audio/SoundWaves/ambienceknarr-006.ubulk" 1653
"C:/Users/jola9182/Documents/GitHub/Project_Babadook/Content/Audio/SoundWaves/ambienceknarr-006.uasset" 1654
"C:/Users/jola9182/Documents/GitHub/Project_Babadook/Content/Audio/SoundWaves/ambienceknarr-006.uexp" 1655
"C:/Users/jola9182/Documents/GitHub/Project_Babadook/Content/Audio/SoundWaves/ambienceknarr-007.ubulk" 1656
"C:/Users/jola9182/Documents/GitHub/Project_Babadook/Content/Audio/SoundWaves/ambienceknarr-007.uasset" 1657
"C:/Users/jola9182/Documents/GitHub/Project_Babadook/Content/Audio/SoundWaves/ambienceknarr-007.uexp" 1658
"C:/Users/jola9182/Documents/GitHub/Project_Babadook/Content/Audio/SoundWaves/ambienceknarr-008.ubulk" 1659
"C:/Users/jola9182/Documents/GitHub/Project_Babadook/Content/Audio/SoundWaves/ambienceknarr-008.uasset" 1660
"C:/Users/jola9182/Documents/GitHub/Project_Babadook/Content/Audio/SoundWaves/ambienceknarr-008.uexp" 1661
"C:/Users/jola9182/Documents/GitHub/Project_Babadook/Content/Audio/SoundWaves/ambiencescrape-001.ubulk" 1662
"C:/Users/jola9182/Documents/GitHub/Project_Babadook/Content/Audio/SoundWaves/ambiencescrape-001.uasset" 1663
"C:/Users/jola9182/Documents/GitHub/Project_Babadook/Content/Audio/SoundWaves/ambiencescrape-001.uexp" 1664
"C:/Users/jola9182/Documents/GitHub/Project_Babadook/Content/Audio/SoundWaves/ambiencescrape-002.ubulk" 1665
"C:/Users/jola9182/Documents/GitHub/Project_Babadook/Content/Audio/SoundWaves/ambiencescrape-002.uasset" 1666
"C:/Users/jola9182/Documents/GitHub/Project_Babadook/Content/Audio/SoundWaves/ambiencescrape-002.uexp" 1667
"C:/Users/jola9182/Documents/GitHub/Project_Babadook/Content/Audio/SoundWaves/ambiencescrape-003.ubulk" 1668
"C:/Users/jola9182/Documents/GitHub/Project_Babadook/Content/Audio/SoundWaves/ambiencescrape-003.uasset" 1669
"C:/Users/jola9182/Documents/GitHub/Project_Babadook/Content/Audio/SoundWaves/ambiencescrape-003.uexp" 1670
"C:/Users/jola9182/Documents/GitHub/Project_Babadook/Content/Audio/SoundWaves/ambiencescrape-004.ubulk" 1671
"C:/Users/jola9182/Documents/GitHub/Project_Babadook/Content/Audio/SoundWaves/ambiencescrape-004.uasset" 1672
"C:/Users/jola9182/Documents/GitHub/Project_Babadook/Content/Audio/SoundWaves/ambiencescrape-004.uexp" 1673
"C:/Users/jola9182/Documents/GitHub/Project_Babadook/Content/Audio/SoundWaves/ambiencescrape-005.ubulk" 1674
"C:/Users/jola9182/Documents/GitHub/Project_Babadook/Content/Audio/SoundWaves/ambiencescrape-005.uasset" 1675
"C:/Users/jola9182/Documents/GitHub/Project_Babadook/Content/Audio/SoundWaves/ambiencescrape-005.uexp" 1676
"C:/Users/jola9182/Documents/GitHub/Project_Babadook/Content/Audio/SoundWaves/ambiencescrape-006.ubulk" 1677
"C:/Users/jola9182/Documents/GitHub/Project_Babadook/Content/Audio/SoundWaves/ambiencescrape-006.uasset" 1678
"C:/Users/jola9182/Documents/GitHub/Project_Babadook/Content/Audio/SoundWaves/ambiencescrape-006.uexp" 1679
"C:/Users/jola9182/Documents/GitHub/Project_Babadook/Content/Audio/SoundWaves/ambiencesuspense-001.ubulk" 1680
"C:/Users/jola9182/Documents/GitHub/Project_Babadook/Content/Audio/SoundWaves/ambiencesuspense-001.uasset" 1681
"C:/Users/jola9182/Documents/GitHub/Project_Babadook/Content/Audio/SoundWaves/ambiencesuspense-001.uexp" 1682
"C:/Users/jola9182/Documents/GitHub/Project_Babadook/Content/Audio/SoundWaves/ambiencesuspense.ubulk" 1683
"C:/Users/jola9182/Documents/GitHub/Project_Babadook/Content/Audio/SoundWaves/ambiencesuspense.uasset" 1684
"C:/Users/jola9182/Documents/GitHub/Project_Babadook/Content/Audio/SoundWaves/ambiencesuspense.uexp" 1685
"C:/Users/jola9182/Documents/GitHub/Project_Babadook/Content/Audio/SoundWaves/ambiencewhisper.ubulk" 1686
"C:/Users/jola9182/Documents/GitHub/Project_Babadook/Content/Audio/SoundWaves/ambiencewhisper.uasset" 1687
"C:/Users/jola9182/Documents/GitHub/Project_Babadook/Content/Audio/SoundWaves/ambiencewhisper.uexp" 1688
"C:/Users/jola9182/Documents/GitHub/Project_Babadook/Content/Audio/SoundWaves/Track1_Instrument.ubulk" 1689
"C:/Users/jola9182/Documents/GitHub/Project_Babadook/Content/Audio/SoundWaves/Track1_Instrument.uasset" 1690
"C:/Users/jola9182/Documents/GitHub/Project_Babadook/Content/Audio/SoundWaves/Track1_Instrument.uexp" 1691
"C:/Users/jola9182/Documents/GitHub/Project_Babadook/Content/Audio/SoundWaves/Track2_Instrument.ubulk" 1692
"C:/Users/jola9182/Documents/GitHub/Project_Babadook/Content/Audio/SoundWaves/Track2_Instrument.uasset" 1693
"C:/Users/jola9182/Documents/GitHub/Project_Babadook/Content/Audio/SoundWaves/Track2_Instrument.uexp" 1694
"C:/Users/jola9182/Documents/GitHub/Project_Babadook/Content/Audio/SoundWaves/Track5_Instrument.ubulk" 1695
"C:/Users/jola9182/Documents/GitHub/Project_Babadook/Content/Audio/SoundWaves/Track5_Instrument.uasset" 1696
"C:/Users/jola9182/Documents/GitHub/Project_Babadook/Content/Audio/SoundWaves/Track5_Instrument.uexp" 1697
"C:/Users/jola9182/Documents/GitHub/Project_Babadook/Content/Audio/SoundCues/S_Ambience_C.uasset" 1698
"C:/Users/jola9182/Documents/GitHub/Project_Babadook/Content/Audio/SoundCues/S_Ambience_C.uexp" 1699
"C:/Users/jola9182/Documents/GitHub/Project_Babadook/Content/Audio/SoundAttenuation/ATT_1.uasset" 1700
"C:/Users/jola9182/Documents/GitHub/Project_Babadook/Content/Audio/SoundAttenuation/ATT_1.uexp" 1701
"C:/Users/jola9182/Documents/GitHub/Project_Babadook/Content/Audio/SoundWaves/Track1_New_Recording_252m4a.ubulk" 1702
"C:/Users/jola9182/Documents/GitHub/Project_Babadook/Content/Audio/SoundWaves/Track1_New_Recording_252m4a.uasset" 1703
"C:/Users/jola9182/Documents/GitHub/Project_Babadook/Content/Audio/SoundWaves/Track1_New_Recording_252m4a.uexp" 1704
"C:/Users/jola9182/Documents/GitHub/Project_Babadook/Content/Audio/SoundWaves/Track2_Instrument__1_.ubulk" 1705
"C:/Users/jola9182/Documents/GitHub/Project_Babadook/Content/Audio/SoundWaves/Track2_Instrument__1_.uasset" 1706
"C:/Users/jola9182/Documents/GitHub/Project_Babadook/Content/Audio/SoundWaves/Track2_Instrument__1_.uexp" 1707
"C:/Users/jola9182/Documents/GitHub/Project_Babadook/Content/Audio/SoundCues/S_SafeRoom_C.uasset" 1708
"C:/Users/jola9182/Documents/GitHub/Project_Babadook/Content/Audio/SoundCues/S_SafeRoom_C.uexp" 1709
"C:/Users/jola9182/Documents/GitHub/Project_Babadook/Content/Material/M_Metal2.uasset" 1710
"C:/Users/jola9182/Documents/GitHub/Project_Babadook/Content/Material/M_Metal2.uexp" 1711
"C:/Users/jola9182/Documents/GitHub/Project_Babadook/Content/Meshes/Models/SM_Hanging_Brazier.ubulk" 1712
"C:/Users/jola9182/Documents/GitHub/Project_Babadook/Content/Meshes/Models/SM_Hanging_Brazier.uasset" 1713
"C:/Users/jola9182/Documents/GitHub/Project_Babadook/Content/Meshes/Models/SM_Hanging_Brazier.uexp" 1714
"C:/Users/jola9182/Documents/GitHub/Project_Babadook/Content/Blueprints/BP_Big_Hanging_Brazier_Catacombs.uasset" 1715
"C:/Users/jola9182/Documents/GitHub/Project_Babadook/Content/Blueprints/BP_Big_Hanging_Brazier_Catacombs.uexp" 1716
"C:/Users/jola9182/Documents/GitHub/Project_Babadook/Content/VFX/T_Flame_BC.ubulk" 1717
"C:/Users/jola9182/Documents/GitHub/Project_Babadook/Content/VFX/T_Flame_BC.uasset" 1718
"C:/Users/jola9182/Documents/GitHub/Project_Babadook/Content/VFX/T_Flame_BC.uexp" 1719
"C:/Users/jola9182/Documents/GitHub/Project_Babadook/Content/VFX/M_Lantern_Light.uasset" 1720
"C:/Users/jola9182/Documents/GitHub/Project_Babadook/Content/VFX/M_Lantern_Light.uexp" 1721
"C:/Users/jola9182/Documents/GitHub/Project_Babadook/Content/VFX/FXS_Lantern_Light.uasset" 1722
"C:/Users/jola9182/Documents/GitHub/Project_Babadook/Content/VFX/FXS_Lantern_Light.uexp" 1723
"C:/Users/jola9182/Documents/GitHub/Project_Babadook/Content/Meshes/Models/WorldGridMaterial.uasset" 1724
"C:/Users/jola9182/Documents/GitHub/Project_Babadook/Content/Meshes/Models/WorldGridMaterial.uexp" 1725
"C:/Users/jola9182/Documents/GitHub/Project_Babadook/Content/Meshes/Models/WB_Candle_Big.ubulk" 1726
"C:/Users/jola9182/Documents/GitHub/Project_Babadook/Content/Meshes/Models/WB_Candle_Big.uasset" 1727
"C:/Users/jola9182/Documents/GitHub/Project_Babadook/Content/Meshes/Models/WB_Candle_Big.uexp" 1728
"C:/Users/jola9182/Documents/GitHub/Project_Babadook/Content/Blueprints/BP_Candle_Big.uasset" 1729
"C:/Users/jola9182/Documents/GitHub/Project_Babadook/Content/Blueprints/BP_Candle_Big.uexp" 1730
"C:/Users/jola9182/Documents/GitHub/Project_Babadook/Content/Meshes/Models/SM_Chain.ubulk" 1731
"C:/Users/jola9182/Documents/GitHub/Project_Babadook/Content/Meshes/Models/SM_Chain.uasset" 1732
"C:/Users/jola9182/Documents/GitHub/Project_Babadook/Content/Meshes/Models/SM_Chain.uexp" 1733
"C:/Users/jola9182/Documents/GitHub/Project_Babadook/Content/Blueprints/BP_Hanging_Brazier_Blue.uasset" 1734
"C:/Users/jola9182/Documents/GitHub/Project_Babadook/Content/Blueprints/BP_Hanging_Brazier_Blue.uexp" 1735
"C:/Users/jola9182/Documents/GitHub/Project_Babadook/Content/Material/M_Gem_Blue.uasset" 1736
"C:/Users/jola9182/Documents/GitHub/Project_Babadook/Content/Material/M_Gem_Blue.uexp" 1737
"C:/Users/jola9182/Documents/GitHub/Project_Babadook/Content/Material/M_Gem_Green.uasset" 1738
"C:/Users/jola9182/Documents/GitHub/Project_Babadook/Content/Material/M_Gem_Green.uexp" 1739
"C:/Users/jola9182/Documents/GitHub/Project_Babadook/Content/Material/M_Gem_Red.uasset" 1740
"C:/Users/jola9182/Documents/GitHub/Project_Babadook/Content/Material/M_Gem_Red.uexp" 1741
"C:/Users/jola9182/Documents/GitHub/Project_Babadook/Content/Material/Stone_Foor_ambientocclusion.ubulk" 1742
"C:/Users/jola9182/Documents/GitHub/Project_Babadook/Content/Material/Stone_Foor_ambientocclusion.uasset" 1743
"C:/Users/jola9182/Documents/GitHub/Project_Babadook/Content/Material/Stone_Foor_ambientocclusion.uexp" 1744
"C:/Users/jola9182/Documents/GitHub/Project_Babadook/Content/Material/Stone_Foor_basecolor.ubulk" 1745
"C:/Users/jola9182/Documents/GitHub/Project_Babadook/Content/Material/Stone_Foor_basecolor.uasset" 1746
"C:/Users/jola9182/Documents/GitHub/Project_Babadook/Content/Material/Stone_Foor_basecolor.uexp" 1747
"C:/Users/jola9182/Documents/GitHub/Project_Babadook/Content/Material/Stone_Foor_metallic.ubulk" 1748
"C:/Users/jola9182/Documents/GitHub/Project_Babadook/Content/Material/Stone_Foor_metallic.uasset" 1749
"C:/Users/jola9182/Documents/GitHub/Project_Babadook/Content/Material/Stone_Foor_metallic.uexp" 1750
"C:/Users/jola9182/Documents/GitHub/Project_Babadook/Content/Material/Stone_Foor_normal.ubulk" 1751
"C:/Users/jola9182/Documents/GitHub/Project_Babadook/Content/Material/Stone_Foor_normal.uasset" 1752
"C:/Users/jola9182/Documents/GitHub/Project_Babadook/Content/Material/Stone_Foor_normal.uexp" 1753
"C:/Users/jola9182/Documents/GitHub/Project_Babadook/Content/Material/Stone_Foor_roughness.ubulk" 1754
"C:/Users/jola9182/Documents/GitHub/Project_Babadook/Content/Material/Stone_Foor_roughness.uasset" 1755
"C:/Users/jola9182/Documents/GitHub/Project_Babadook/Content/Material/Stone_Foor_roughness.uexp" 1756
"C:/Users/jola9182/Documents/GitHub/Project_Babadook/Content/Material/M_StoneFloor.uasset" 1757
"C:/Users/jola9182/Documents/GitHub/Project_Babadook/Content/Material/M_StoneFloor.uexp" 1758
"C:/Users/jola9182/Documents/GitHub/Project_Babadook/Content/Audio/SoundAttenuation/ATT_Saferoom.uasset" 1759
"C:/Users/jola9182/Documents/GitHub/Project_Babadook/Content/Audio/SoundAttenuation/ATT_Saferoom.uexp" 1760
"C:/Users/jola9182/Documents/GitHub/Project_Babadook/Content/Blueprints/LevelTriggers/BP_LevelExit.uasset" 1761
"C:/Users/jola9182/Documents/GitHub/Project_Babadook/Content/Blueprints/LevelTriggers/BP_LevelExit.uexp" 1762
"C:/Users/jola9182/Documents/GitHub/Project_Babadook/Content/Meshes/Blocks/SM_Stone_Floor_1x1.ubulk" 1763
"C:/Users/jola9182/Documents/GitHub/Project_Babadook/Content/Meshes/Blocks/SM_Stone_Floor_1x1.uasset" 1764
"C:/Users/jola9182/Documents/GitHub/Project_Babadook/Content/Meshes/Blocks/SM_Stone_Floor_1x1.uexp" 1765
"C:/Users/jola9182/Documents/GitHub/Project_Babadook/Content/Meshes/Blocks/SM_Stone_Floor_3x3.ubulk" 1766
"C:/Users/jola9182/Documents/GitHub/Project_Babadook/Content/Meshes/Blocks/SM_Stone_Floor_3x3.uasset" 1767
"C:/Users/jola9182/Documents/GitHub/Project_Babadook/Content/Meshes/Blocks/SM_Stone_Floor_3x3.uexp" 1768
"C:/Users/jola9182/Documents/GitHub/Project_Babadook/Content/Meshes/Blocks/SM_Stone_Pillar_Thick_.ubulk" 1769
"C:/Users/jola9182/Documents/GitHub/Project_Babadook/Content/Meshes/Blocks/SM_Stone_Pillar_Thick_.uasset" 1770
"C:/Users/jola9182/Documents/GitHub/Project_Babadook/Content/Meshes/Blocks/SM_Stone_Pillar_Thick_.uexp" 1771
"C:/Users/jola9182/Documents/GitHub/Project_Babadook/Content/Meshes/Blocks/SM_Stone_Pillar_Thick_4.ubulk" 1772
"C:/Users/jola9182/Documents/GitHub/Project_Babadook/Content/Meshes/Blocks/SM_Stone_Pillar_Thick_4.uasset" 1773
"C:/Users/jola9182/Documents/GitHub/Project_Babadook/Content/Meshes/Blocks/SM_Stone_Pillar_Thick_4.uexp" 1774
"C:/Users/jola9182/Documents/GitHub/Project_Babadook/Content/Meshes/Blocks/SM_Stone_Wall1x1.ubulk" 1775
"C:/Users/jola9182/Documents/GitHub/Project_Babadook/Content/Meshes/Blocks/SM_Stone_Wall1x1.uasset" 1776
"C:/Users/jola9182/Documents/GitHub/Project_Babadook/Content/Meshes/Blocks/SM_Stone_Wall1x1.uexp" 1777
"C:/Users/jola9182/Documents/GitHub/Project_Babadook/Content/Meshes/Blocks/SM_Stone_Wall1x3.ubulk" 1778
"C:/Users/jola9182/Documents/GitHub/Project_Babadook/Content/Meshes/Blocks/SM_Stone_Wall1x3.uasset" 1779
"C:/Users/jola9182/Documents/GitHub/Project_Babadook/Content/Meshes/Blocks/SM_Stone_Wall1x3.uexp" 1780
"C:/Users/jola9182/Documents/GitHub/Project_Babadook/Content/Meshes/Blocks/SM_Stone_Wall3x3.ubulk" 1781
"C:/Users/jola9182/Documents/GitHub/Project_Babadook/Content/Meshes/Blocks/SM_Stone_Wall3x3.uasset" 1782
"C:/Users/jola9182/Documents/GitHub/Project_Babadook/Content/Meshes/Blocks/SM_Stone_Wall3x3.uexp" 1783
"C:/Users/jola9182/Documents/GitHub/Project_Babadook/Content/Meshes/Blocks/SM_Stone_Wall_5x3.ubulk" 1784
"C:/Users/jola9182/Documents/GitHub/Project_Babadook/Content/Meshes/Blocks/SM_Stone_Wall_5x3.uasset" 1785
"C:/Users/jola9182/Documents/GitHub/Project_Babadook/Content/Meshes/Blocks/SM_Stone_Wall_5x3.uexp" 1786
"C:/Users/jola9182/Documents/GitHub/Project_Babadook/Content/Meshes/Blocks/SM_Stone_Wall_Curved3x3.ubulk" 1787
"C:/Users/jola9182/Documents/GitHub/Project_Babadook/Content/Meshes/Blocks/SM_Stone_Wall_Curved3x3.uasset" 1788
"C:/Users/jola9182/Documents/GitHub/Project_Babadook/Content/Meshes/Blocks/SM_Stone_Wall_Curved3x3.uexp" 1789
"C:/Users/jola9182/Documents/GitHub/Project_Babadook/Content/Meshes/Blocks/SM_Stone_Wall_Door_2x3.ubulk" 1790
"C:/Users/jola9182/Documents/GitHub/Project_Babadook/Content/Meshes/Blocks/SM_Stone_Wall_Door_2x3.uasset" 1791
"C:/Users/jola9182/Documents/GitHub/Project_Babadook/Content/Meshes/Blocks/SM_Stone_Wall_Door_2x3.uexp" 1792
"C:/Users/jola9182/Documents/GitHub/Project_Babadook/Content/Meshes/Blocks/SM_Stone_Wall_Door_3x3.ubulk" 1793
"C:/Users/jola9182/Documents/GitHub/Project_Babadook/Content/Meshes/Blocks/SM_Stone_Wall_Door_3x3.uasset" 1794
"C:/Users/jola9182/Documents/GitHub/Project_Babadook/Content/Meshes/Blocks/SM_Stone_Wall_Door_3x3.uexp" 1795
"C:/Users/jola9182/Documents/GitHub/Project_Babadook/Content/Meshes/Blocks/WB_Brick_Pillar_Thin.ubulk" 1796
"C:/Users/jola9182/Documents/GitHub/Project_Babadook/Content/Meshes/Blocks/WB_Brick_Pillar_Thin.uasset" 1797
"C:/Users/jola9182/Documents/GitHub/Project_Babadook/Content/Meshes/Blocks/WB_Brick_Pillar_Thin.uexp" 1798
"C:/Users/jola9182/Documents/GitHub/Project_Babadook/Content/Meshes/Blocks/WB_Stone_Banister_End.ubulk" 1799
"C:/Users/jola9182/Documents/GitHub/Project_Babadook/Content/Meshes/Blocks/WB_Stone_Banister_End.uasset" 1800
"C:/Users/jola9182/Documents/GitHub/Project_Babadook/Content/Meshes/Blocks/WB_Stone_Banister_End.uexp" 1801
"C:/Users/jola9182/Documents/GitHub/Project_Babadook/Content/Material/M_Metal.uasset" 1802
"C:/Users/jola9182/Documents/GitHub/Project_Babadook/Content/Material/M_Metal.uexp" 1803
"C:/Users/jola9182/Documents/GitHub/Project_Babadook/Content/Meshes/Models/SM_Bars.ubulk" 1804
"C:/Users/jola9182/Documents/GitHub/Project_Babadook/Content/Meshes/Models/SM_Bars.uasset" 1805
"C:/Users/jola9182/Documents/GitHub/Project_Babadook/Content/Meshes/Models/SM_Bars.uexp" 1806
"../../../Engine/Plugins/Fab/Content/MaterialFunctions/QMF_AOAdjustments.uasset" 1807
"../../../Engine/Plugins/Fab/Content/MaterialFunctions/QMF_AOAdjustments.uexp" 1808
"../../../Engine/Plugins/Fab/Content/MaterialFunctions/QMF_BaseColorAdjustments.uasset" 1809
"../../../Engine/Plugins/Fab/Content/MaterialFunctions/QMF_BaseColorAdjustments.uexp" 1810
"../../../Engine/Plugins/Fab/Content/MaterialFunctions/QMF_NormalAdjustments.uasset" 1811
"../../../Engine/Plugins/Fab/Content/MaterialFunctions/QMF_NormalAdjustments.uexp" 1812
"../../../Engine/Plugins/Fab/Content/MaterialFunctions/QMF_RoughnessAdjustments.uasset" 1813
"../../../Engine/Plugins/Fab/Content/MaterialFunctions/QMF_RoughnessAdjustments.uexp" 1814
"../../../Engine/Plugins/Fab/Content/MaterialFunctions/QMF_Tiling.uasset" 1815
"../../../Engine/Plugins/Fab/Content/MaterialFunctions/QMF_Tiling.uexp" 1816
"../../../Engine/Plugins/Fab/Content/Textures/Standard/T_DefaultColor.uasset" 1817
"../../../Engine/Plugins/Fab/Content/Textures/Standard/T_DefaultColor.uexp" 1818
"../../../Engine/Plugins/Fab/Content/Textures/Standard/T_DefaultDisplacement.uasset" 1819
"../../../Engine/Plugins/Fab/Content/Textures/Standard/T_DefaultDisplacement.uexp" 1820
"../../../Engine/Plugins/Fab/Content/Textures/Standard/T_DefaultMasks.uasset" 1821
"../../../Engine/Plugins/Fab/Content/Textures/Standard/T_DefaultMasks.uexp" 1822
"../../../Engine/Plugins/Fab/Content/Textures/Standard/T_DefaultNormal.uasset" 1823
"../../../Engine/Plugins/Fab/Content/Textures/Standard/T_DefaultNormal.uexp" 1824
"../../../Engine/Plugins/Fab/Content/Materials/Standard/M_MS_Srf.uasset" 1825
"../../../Engine/Plugins/Fab/Content/Materials/Standard/M_MS_Srf.uexp" 1826
"C:/Users/jola9182/Documents/GitHub/Project_Babadook/Content/Fab/Megascans/Surfaces/Wooden_Planks_wckqdbvs/Low/wckqdbvs_tier_3/Textures/T_wckqdbvs_1K_B.ubulk" 1827
"C:/Users/jola9182/Documents/GitHub/Project_Babadook/Content/Fab/Megascans/Surfaces/Wooden_Planks_wckqdbvs/Low/wckqdbvs_tier_3/Textures/T_wckqdbvs_1K_B.uasset" 1828
"C:/Users/jola9182/Documents/GitHub/Project_Babadook/Content/Fab/Megascans/Surfaces/Wooden_Planks_wckqdbvs/Low/wckqdbvs_tier_3/Textures/T_wckqdbvs_1K_B.uexp" 1829
"C:/Users/jola9182/Documents/GitHub/Project_Babadook/Content/Fab/Megascans/Surfaces/Wooden_Planks_wckqdbvs/Low/wckqdbvs_tier_3/Textures/T_wckqdbvs_1K_N.ubulk" 1830
"C:/Users/jola9182/Documents/GitHub/Project_Babadook/Content/Fab/Megascans/Surfaces/Wooden_Planks_wckqdbvs/Low/wckqdbvs_tier_3/Textures/T_wckqdbvs_1K_N.uasset" 1831
"C:/Users/jola9182/Documents/GitHub/Project_Babadook/Content/Fab/Megascans/Surfaces/Wooden_Planks_wckqdbvs/Low/wckqdbvs_tier_3/Textures/T_wckqdbvs_1K_N.uexp" 1832
"C:/Users/jola9182/Documents/GitHub/Project_Babadook/Content/Fab/Megascans/Surfaces/Wooden_Planks_wckqdbvs/Low/wckqdbvs_tier_3/Textures/T_wckqdbvs_1K_ORM.ubulk" 1833
"C:/Users/jola9182/Documents/GitHub/Project_Babadook/Content/Fab/Megascans/Surfaces/Wooden_Planks_wckqdbvs/Low/wckqdbvs_tier_3/Textures/T_wckqdbvs_1K_ORM.uasset" 1834
"C:/Users/jola9182/Documents/GitHub/Project_Babadook/Content/Fab/Megascans/Surfaces/Wooden_Planks_wckqdbvs/Low/wckqdbvs_tier_3/Textures/T_wckqdbvs_1K_ORM.uexp" 1835
"C:/Users/jola9182/Documents/GitHub/Project_Babadook/Content/Fab/Megascans/Surfaces/Wooden_Planks_wckqdbvs/Low/wckqdbvs_tier_3/Materials/MI_wckqdbvs.uasset" 1836
"C:/Users/jola9182/Documents/GitHub/Project_Babadook/Content/Fab/Megascans/Surfaces/Wooden_Planks_wckqdbvs/Low/wckqdbvs_tier_3/Materials/MI_wckqdbvs.uexp" 1837
"C:/Users/jola9182/Documents/GitHub/Project_Babadook/Content/Meshes/Models/SM_Coffin.ubulk" 1838
"C:/Users/jola9182/Documents/GitHub/Project_Babadook/Content/Meshes/Models/SM_Coffin.uasset" 1839
"C:/Users/jola9182/Documents/GitHub/Project_Babadook/Content/Meshes/Models/SM_Coffin.uexp" 1840
"C:/Users/jola9182/Documents/GitHub/Project_Babadook/Content/Meshes/Models/SM_Coffin_Lid.ubulk" 1841
"C:/Users/jola9182/Documents/GitHub/Project_Babadook/Content/Meshes/Models/SM_Coffin_Lid.uasset" 1842
"C:/Users/jola9182/Documents/GitHub/Project_Babadook/Content/Meshes/Models/SM_Coffin_Lid.uexp" 1843
"C:/Users/jola9182/Documents/GitHub/Project_Babadook/Content/Meshes/Models/WB_Cross_Small.ubulk" 1844
"C:/Users/jola9182/Documents/GitHub/Project_Babadook/Content/Meshes/Models/WB_Cross_Small.uasset" 1845
"C:/Users/jola9182/Documents/GitHub/Project_Babadook/Content/Meshes/Models/WB_Cross_Small.uexp" 1846
"C:/Users/jola9182/Documents/GitHub/Project_Babadook/Content/Meshes/Models/WB_Stone_Banister__1_.ubulk" 1847
"C:/Users/jola9182/Documents/GitHub/Project_Babadook/Content/Meshes/Models/WB_Stone_Banister__1_.uasset" 1848
"C:/Users/jola9182/Documents/GitHub/Project_Babadook/Content/Meshes/Models/WB_Stone_Banister__1_.uexp" 1849
"../../../Engine/Content/Editor/Slate/Icons/AssetIcons/Cube_64x.uasset" 1850
"../../../Engine/Content/Editor/Slate/Icons/AssetIcons/Cube_64x.uexp" 1851
"C:/Users/jola9182/Documents/GitHub/Project_Babadook/Content/Blueprints/BP_GemSocket.uasset" 1852
"C:/Users/jola9182/Documents/GitHub/Project_Babadook/Content/Blueprints/BP_GemSocket.uexp" 1853
"C:/Users/jola9182/Documents/GitHub/Project_Babadook/Content/Meshes/Blocks/SM_Stone_Pillar_Thin.ubulk" 1854
"C:/Users/jola9182/Documents/GitHub/Project_Babadook/Content/Meshes/Blocks/SM_Stone_Pillar_Thin.uasset" 1855
"C:/Users/jola9182/Documents/GitHub/Project_Babadook/Content/Meshes/Blocks/SM_Stone_Pillar_Thin.uexp" 1856
"C:/Users/jola9182/Documents/GitHub/Project_Babadook/Content/Meshes/Models/SM_Pedestal.ubulk" 1857
"C:/Users/jola9182/Documents/GitHub/Project_Babadook/Content/Meshes/Models/SM_Pedestal.uasset" 1858
"C:/Users/jola9182/Documents/GitHub/Project_Babadook/Content/Meshes/Models/SM_Pedestal.uexp" 1859
"C:/Users/jola9182/Documents/GitHub/Project_Babadook/Content/Blueprints/BP_Altar.uasset" 1860
"C:/Users/jola9182/Documents/GitHub/Project_Babadook/Content/Blueprints/BP_Altar.uexp" 1861
"C:/Users/jola9182/Documents/GitHub/Project_Babadook/Content/Meshes/Models/SM_Bedframe_Low.ubulk" 1862
"C:/Users/jola9182/Documents/GitHub/Project_Babadook/Content/Meshes/Models/SM_Bedframe_Low.uasset" 1863
"C:/Users/jola9182/Documents/GitHub/Project_Babadook/Content/Meshes/Models/SM_Bedframe_Low.uexp" 1864
"C:/Users/jola9182/Documents/GitHub/Project_Babadook/Content/Meshes/Models/SM_Mattress_Low.ubulk" 1865
"C:/Users/jola9182/Documents/GitHub/Project_Babadook/Content/Meshes/Models/SM_Mattress_Low.uasset" 1866
"C:/Users/jola9182/Documents/GitHub/Project_Babadook/Content/Meshes/Models/SM_Mattress_Low.uexp" 1867
"C:/Users/jola9182/Documents/GitHub/Project_Babadook/Content/Meshes/Models/SM_Pillow_Low.ubulk" 1868
"C:/Users/jola9182/Documents/GitHub/Project_Babadook/Content/Meshes/Models/SM_Pillow_Low.uasset" 1869
"C:/Users/jola9182/Documents/GitHub/Project_Babadook/Content/Meshes/Models/SM_Pillow_Low.uexp" 1870
"C:/Users/jola9182/Documents/GitHub/Project_Babadook/Content/Blueprints/BP_Bedframe_Low_Blueprint.uasset" 1871
"C:/Users/jola9182/Documents/GitHub/Project_Babadook/Content/Blueprints/BP_Bedframe_Low_Blueprint.uexp" 1872
"C:/Users/jola9182/Documents/GitHub/Project_Babadook/Content/Meshes/Models/SM_Ceiling_Candelabra.ubulk" 1873
"C:/Users/jola9182/Documents/GitHub/Project_Babadook/Content/Meshes/Models/SM_Ceiling_Candelabra.uasset" 1874
"C:/Users/jola9182/Documents/GitHub/Project_Babadook/Content/Meshes/Models/SM_Ceiling_Candelabra.uexp" 1875
"C:/Users/jola9182/Documents/GitHub/Project_Babadook/Content/Blueprints/BP_Ceiling_Candelabra.uasset" 1876
"C:/Users/jola9182/Documents/GitHub/Project_Babadook/Content/Blueprints/BP_Ceiling_Candelabra.uexp" 1877
"C:/Users/jola9182/Documents/GitHub/Project_Babadook/Content/FMOD/Events/EnterTheChapel.uasset" 1878
"C:/Users/jola9182/Documents/GitHub/Project_Babadook/Content/FMOD/Events/EnterTheChapel.uexp" 1879
"C:/Users/jola9182/Documents/GitHub/Project_Babadook/Content/Blueprints/BP_EnterChapel.uasset" 1880
"C:/Users/jola9182/Documents/GitHub/Project_Babadook/Content/Blueprints/BP_EnterChapel.uexp" 1881
"C:/Users/jola9182/Documents/GitHub/Project_Babadook/Content/Meshes/Models/SM_Floor_Candelabra.ubulk" 1882
"C:/Users/jola9182/Documents/GitHub/Project_Babadook/Content/Meshes/Models/SM_Floor_Candelabra.uasset" 1883
"C:/Users/jola9182/Documents/GitHub/Project_Babadook/Content/Meshes/Models/SM_Floor_Candelabra.uexp" 1884
"C:/Users/jola9182/Documents/GitHub/Project_Babadook/Content/Blueprints/BP_Floor_Candelabra.uasset" 1885
"C:/Users/jola9182/Documents/GitHub/Project_Babadook/Content/Blueprints/BP_Floor_Candelabra.uexp" 1886
"C:/Users/jola9182/Documents/GitHub/Project_Babadook/Content/FMOD/Events/Lever.uasset" 1887
"C:/Users/jola9182/Documents/GitHub/Project_Babadook/Content/FMOD/Events/Lever.uexp" 1888
"C:/Users/jola9182/Documents/GitHub/Project_Babadook/Content/Meshes/Models/WB_Lever.ubulk" 1889
"C:/Users/jola9182/Documents/GitHub/Project_Babadook/Content/Meshes/Models/WB_Lever.uasset" 1890
"C:/Users/jola9182/Documents/GitHub/Project_Babadook/Content/Meshes/Models/WB_Lever.uexp" 1891
"C:/Users/jola9182/Documents/GitHub/Project_Babadook/Content/Meshes/Models/WB_LeverHousing.ubulk" 1892
"C:/Users/jola9182/Documents/GitHub/Project_Babadook/Content/Meshes/Models/WB_LeverHousing.uasset" 1893
"C:/Users/jola9182/Documents/GitHub/Project_Babadook/Content/Meshes/Models/WB_LeverHousing.uexp" 1894
"C:/Users/jola9182/Documents/GitHub/Project_Babadook/Content/Blueprints/BP_Lever2.uasset" 1895
"C:/Users/jola9182/Documents/GitHub/Project_Babadook/Content/Blueprints/BP_Lever2.uexp" 1896
"C:/Users/jola9182/Documents/GitHub/Project_Babadook/Content/Material/M_WoodFloor.uasset" 1897
"C:/Users/jola9182/Documents/GitHub/Project_Babadook/Content/Material/M_WoodFloor.uexp" 1898
"C:/Users/jola9182/Documents/GitHub/Project_Babadook/Content/Blueprints/BP_OneSidedDoor.uasset" 1899
"C:/Users/jola9182/Documents/GitHub/Project_Babadook/Content/Blueprints/BP_OneSidedDoor.uexp" 1900
"C:/Users/jola9182/Documents/GitHub/Project_Babadook/Content/Meshes/Models/SM_Wallmounted_Candelabra.ubulk" 1901
"C:/Users/jola9182/Documents/GitHub/Project_Babadook/Content/Meshes/Models/SM_Wallmounted_Candelabra.uasset" 1902
"C:/Users/jola9182/Documents/GitHub/Project_Babadook/Content/Meshes/Models/SM_Wallmounted_Candelabra.uexp" 1903
"C:/Users/jola9182/Documents/GitHub/Project_Babadook/Content/Blueprints/BP_Wallmounted_Candelabra.uasset" 1904
"C:/Users/jola9182/Documents/GitHub/Project_Babadook/Content/Blueprints/BP_Wallmounted_Candelabra.uexp" 1905
"C:/Users/jola9182/Documents/GitHub/Project_Babadook/Content/Material/M_Grass.uasset" 1906
"C:/Users/jola9182/Documents/GitHub/Project_Babadook/Content/Material/M_Grass.uexp" 1907
"C:/Users/jola9182/Documents/GitHub/Project_Babadook/Content/Material/M_PureBlack.uasset" 1908
"C:/Users/jola9182/Documents/GitHub/Project_Babadook/Content/Material/M_PureBlack.uexp" 1909
"C:/Users/jola9182/Documents/GitHub/Project_Babadook/Content/Material/M_Solid_Green.uasset" 1910
"C:/Users/jola9182/Documents/GitHub/Project_Babadook/Content/Material/M_Solid_Green.uexp" 1911
"C:/Users/jola9182/Documents/GitHub/Project_Babadook/Content/Material/M_Solid_Purple.uasset" 1912
"C:/Users/jola9182/Documents/GitHub/Project_Babadook/Content/Material/M_Solid_Purple.uexp" 1913
"C:/Users/jola9182/Documents/GitHub/Project_Babadook/Content/Material/M_Solid_Red.uasset" 1914
"C:/Users/jola9182/Documents/GitHub/Project_Babadook/Content/Material/M_Solid_Red.uexp" 1915
"C:/Users/jola9182/Documents/GitHub/Project_Babadook/Content/Material/M_Solid_Yellow.uasset" 1916
"C:/Users/jola9182/Documents/GitHub/Project_Babadook/Content/Material/M_Solid_Yellow.uexp" 1917
"C:/Users/jola9182/Documents/GitHub/Project_Babadook/Content/OldModels/Cylinder_004.ubulk" 1918
"C:/Users/jola9182/Documents/GitHub/Project_Babadook/Content/OldModels/Cylinder_004.uasset" 1919
"C:/Users/jola9182/Documents/GitHub/Project_Babadook/Content/OldModels/Cylinder_004.uexp" 1920
"C:/Users/jola9182/Documents/GitHub/Project_Babadook/Content/OldModels/openPBR_shader1.uasset" 1921
"C:/Users/jola9182/Documents/GitHub/Project_Babadook/Content/OldModels/openPBR_shader1.uexp" 1922
"C:/Users/jola9182/Documents/GitHub/Project_Babadook/Content/OldModels/SM_Carpet_Low.ubulk" 1923
"C:/Users/jola9182/Documents/GitHub/Project_Babadook/Content/OldModels/SM_Carpet_Low.uasset" 1924
"C:/Users/jola9182/Documents/GitHub/Project_Babadook/Content/OldModels/SM_Carpet_Low.uexp" 1925
"C:/Users/jola9182/Documents/GitHub/Project_Babadook/Content/OldModels/SM_OpenBook_Low.ubulk" 1926
"C:/Users/jola9182/Documents/GitHub/Project_Babadook/Content/OldModels/SM_OpenBook_Low.uasset" 1927
"C:/Users/jola9182/Documents/GitHub/Project_Babadook/Content/OldModels/SM_OpenBook_Low.uexp" 1928
"C:/Users/jola9182/Documents/GitHub/Project_Babadook/Content/OldModels/lambert1.uasset" 1929
"C:/Users/jola9182/Documents/GitHub/Project_Babadook/Content/OldModels/lambert1.uexp" 1930
"C:/Users/jola9182/Documents/GitHub/Project_Babadook/Content/OldModels/WB_Crucifix.ubulk" 1931
"C:/Users/jola9182/Documents/GitHub/Project_Babadook/Content/OldModels/WB_Crucifix.uasset" 1932
"C:/Users/jola9182/Documents/GitHub/Project_Babadook/Content/OldModels/WB_Crucifix.uexp" 1933
"../../../Engine/Plugins/FX/Niagara/Content/DefaultAssets/DefaultSpriteMaterial.uasset" 1934
"../../../Engine/Plugins/FX/Niagara/Content/DefaultAssets/DefaultSpriteMaterial.uexp" 1935
"../../../Engine/Plugins/FX/Niagara/Content/VectorFields/Assets/TilingCurl32.uasset" 1936
"../../../Engine/Plugins/FX/Niagara/Content/VectorFields/Assets/TilingCurl32.uexp" 1937
"C:/Users/jola9182/Documents/GitHub/Project_Babadook/Content/VFX/FXS_Dust.uasset" 1938
"C:/Users/jola9182/Documents/GitHub/Project_Babadook/Content/VFX/FXS_Dust.uexp" 1939
"C:/Users/jola9182/Documents/GitHub/Project_Babadook/Content/VFX/M_Fog1.uasset" 1940
"C:/Users/jola9182/Documents/GitHub/Project_Babadook/Content/VFX/M_Fog1.uexp" 1941
"C:/Users/jola9182/Documents/GitHub/Project_Babadook/Content/VFX/FXS_Fog.uasset" 1942
"C:/Users/jola9182/Documents/GitHub/Project_Babadook/Content/VFX/FXS_Fog.uexp" 1943
"C:/Users/jola9182/Documents/GitHub/Project_Babadook/Content/VFX/T_Fire_SubUV.ubulk" 1944
"C:/Users/jola9182/Documents/GitHub/Project_Babadook/Content/VFX/T_Fire_SubUV.uasset" 1945
"C:/Users/jola9182/Documents/GitHub/Project_Babadook/Content/VFX/T_Fire_SubUV.uexp" 1946
"C:/Users/jola9182/Documents/GitHub/Project_Babadook/Content/VFX/T_Fire_Tiled_D.ubulk" 1947
"C:/Users/jola9182/Documents/GitHub/Project_Babadook/Content/VFX/T_Fire_Tiled_D.uasset" 1948
"C:/Users/jola9182/Documents/GitHub/Project_Babadook/Content/VFX/T_Fire_Tiled_D.uexp" 1949
"C:/Users/jola9182/Documents/GitHub/Project_Babadook/Content/VFX/M_Fire_SubUV.uasset" 1950
"C:/Users/jola9182/Documents/GitHub/Project_Babadook/Content/VFX/M_Fire_SubUV.uexp" 1951
"C:/Users/jola9182/Documents/GitHub/Project_Babadook/Content/VFX/T_Smoke_SubUV.ubulk" 1952
"C:/Users/jola9182/Documents/GitHub/Project_Babadook/Content/VFX/T_Smoke_SubUV.uasset" 1953
"C:/Users/jola9182/Documents/GitHub/Project_Babadook/Content/VFX/T_Smoke_SubUV.uexp" 1954
"C:/Users/jola9182/Documents/GitHub/Project_Babadook/Content/VFX/T_Smoke_Tiled_D.ubulk" 1955
"C:/Users/jola9182/Documents/GitHub/Project_Babadook/Content/VFX/T_Smoke_Tiled_D.uasset" 1956
"C:/Users/jola9182/Documents/GitHub/Project_Babadook/Content/VFX/T_Smoke_Tiled_D.uexp" 1957
"C:/Users/jola9182/Documents/GitHub/Project_Babadook/Content/VFX/M_smoke_subUV.uasset" 1958
"C:/Users/jola9182/Documents/GitHub/Project_Babadook/Content/VFX/M_smoke_subUV.uexp" 1959
"C:/Users/jola9182/Documents/GitHub/Project_Babadook/Content/VFX/FXS_Torch.uasset" 1960
"C:/Users/jola9182/Documents/GitHub/Project_Babadook/Content/VFX/FXS_Torch.uexp" 1961
"../../../Engine/Content/EngineSounds/ReverbSettings/LargeHall.uasset" 1962
"../../../Engine/Content/EngineSounds/ReverbSettings/LargeHall.uexp" 1963
"../../../Engine/Content/EngineSounds/ReverbSettings/ParkingLot.uasset" 1964
"../../../Engine/Content/EngineSounds/ReverbSettings/ParkingLot.uexp" 1965
"../../../Engine/Content/EngineSounds/Submixes/MasterReverbEffectPreset.uasset" 1966
"../../../Engine/Content/EngineSounds/Submixes/MasterReverbEffectPreset.uexp" 1967
"C:/Users/jola9182/Documents/GitHub/Project_Babadook/Content/Audio/SoundCues/S_Ambience2_C.uasset" 1968
"C:/Users/jola9182/Documents/GitHub/Project_Babadook/Content/Audio/SoundCues/S_Ambience2_C.uexp" 1969
"C:/Users/jola9182/Documents/GitHub/Project_Babadook/Content/Audio/SoundCues/S_AmbienceWhisper_C.uasset" 1970
"C:/Users/jola9182/Documents/GitHub/Project_Babadook/Content/Audio/SoundCues/S_AmbienceWhisper_C.uexp" 1971
"C:/Users/jola9182/Documents/GitHub/Project_Babadook/Content/FMOD/Events/CandleEvent.uasset" 1972
"C:/Users/jola9182/Documents/GitHub/Project_Babadook/Content/FMOD/Events/CandleEvent.uexp" 1973
"C:/Users/jola9182/Documents/GitHub/Project_Babadook/Content/Blueprints/LevelTriggers/BP_Candel_Off_Event.uasset" 1974
"C:/Users/jola9182/Documents/GitHub/Project_Babadook/Content/Blueprints/LevelTriggers/BP_Candel_Off_Event.uexp" 1975
"C:/Users/jola9182/Documents/GitHub/Project_Babadook/Content/FMOD/Events/DoorEvent2.uasset" 1976
"C:/Users/jola9182/Documents/GitHub/Project_Babadook/Content/FMOD/Events/DoorEvent2.uexp" 1977
"C:/Users/jola9182/Documents/GitHub/Project_Babadook/Content/Blueprints/LevelTriggers/BP_Church_Door_Open.uasset" 1978
"C:/Users/jola9182/Documents/GitHub/Project_Babadook/Content/Blueprints/LevelTriggers/BP_Church_Door_Open.uexp" 1979
"C:/Users/jola9182/Documents/GitHub/Project_Babadook/Content/FMOD/Events/MetalGate.uasset" 1980
"C:/Users/jola9182/Documents/GitHub/Project_Babadook/Content/FMOD/Events/MetalGate.uexp" 1981
"C:/Users/jola9182/Documents/GitHub/Project_Babadook/Content/FMOD/Events/MetalGate2.uasset" 1982
"C:/Users/jola9182/Documents/GitHub/Project_Babadook/Content/FMOD/Events/MetalGate2.uexp" 1983
"C:/Users/jola9182/Documents/GitHub/Project_Babadook/Content/Blueprints/LevelTriggers/BP_Open_Close_Bars.uasset" 1984
"C:/Users/jola9182/Documents/GitHub/Project_Babadook/Content/Blueprints/LevelTriggers/BP_Open_Close_Bars.uexp" 1985
"C:/Users/jola9182/Documents/GitHub/Project_Babadook/Content/Audio/SoundWaves/Track4_Instrument__1_.ubulk" 1986
"C:/Users/jola9182/Documents/GitHub/Project_Babadook/Content/Audio/SoundWaves/Track4_Instrument__1_.uasset" 1987
"C:/Users/jola9182/Documents/GitHub/Project_Babadook/Content/Audio/SoundWaves/Track4_Instrument__1_.uexp" 1988
"C:/Users/jola9182/Documents/GitHub/Project_Babadook/Content/FMOD/Events/LeverEvent.uasset" 1989
"C:/Users/jola9182/Documents/GitHub/Project_Babadook/Content/FMOD/Events/LeverEvent.uexp" 1990
"C:/Users/jola9182/Documents/GitHub/Project_Babadook/Content/Blueprints/LevelTriggers/BP_Statue_Hall_Event.uasset" 1991
"C:/Users/jola9182/Documents/GitHub/Project_Babadook/Content/Blueprints/LevelTriggers/BP_Statue_Hall_Event.uexp" 1992
"C:/Users/jola9182/Documents/GitHub/Project_Babadook/Content/OldModels/WB_Key.ubulk" 1993
"C:/Users/jola9182/Documents/GitHub/Project_Babadook/Content/OldModels/WB_Key.uasset" 1994
"C:/Users/jola9182/Documents/GitHub/Project_Babadook/Content/OldModels/WB_Key.uexp" 1995
"C:/Users/jola9182/Documents/GitHub/Project_Babadook/Content/VFX/FXS_Dust1.uasset" 1996
"C:/Users/jola9182/Documents/GitHub/Project_Babadook/Content/VFX/FXS_Dust1.uexp" 1997
"C:/Users/jola9182/Documents/GitHub/Project_Babadook/Content/FirstPerson/Inventory/Images/SmallBlackKey.uasset" 1998
"C:/Users/jola9182/Documents/GitHub/Project_Babadook/Content/FirstPerson/Inventory/Images/SmallBlackKey.uexp" 1999
"C:/Users/jola9182/Documents/GitHub/Project_Babadook/Content/Blueprints/Pickups/BP_Key.uasset" 2000
"C:/Users/jola9182/Documents/GitHub/Project_Babadook/Content/Blueprints/Pickups/BP_Key.uexp" 2001
"C:/Users/jola9182/Documents/GitHub/Project_Babadook/Content/Material/Paintings/307300rgsdl_medKors.uasset" 2002
"C:/Users/jola9182/Documents/GitHub/Project_Babadook/Content/Material/Paintings/307300rgsdl_medKors.uexp" 2003
"C:/Users/jola9182/Documents/GitHub/Project_Babadook/Content/Material/Paintings/307300rgsdl_medKors_Mat.uasset" 2004
"C:/Users/jola9182/Documents/GitHub/Project_Babadook/Content/Material/Paintings/307300rgsdl_medKors_Mat.uexp" 2005
"C:/Users/jola9182/Documents/GitHub/Project_Babadook/Content/Material/Paintings/WB_Painting_initialShadingGroup_BaseColor.ubulk" 2006
"C:/Users/jola9182/Documents/GitHub/Project_Babadook/Content/Material/Paintings/WB_Painting_initialShadingGroup_BaseColor.uasset" 2007
"C:/Users/jola9182/Documents/GitHub/Project_Babadook/Content/Material/Paintings/WB_Painting_initialShadingGroup_BaseColor.uexp" 2008
"C:/Users/jola9182/Documents/GitHub/Project_Babadook/Content/Material/Paintings/WB_Painting_initialShadingGroup_Normal.ubulk" 2009
"C:/Users/jola9182/Documents/GitHub/Project_Babadook/Content/Material/Paintings/WB_Painting_initialShadingGroup_Normal.uasset" 2010
"C:/Users/jola9182/Documents/GitHub/Project_Babadook/Content/Material/Paintings/WB_Painting_initialShadingGroup_Normal.uexp" 2011
"C:/Users/jola9182/Documents/GitHub/Project_Babadook/Content/Material/Paintings/WB_Painting_initialShadingGroup_OcclusionRoughnessMetallic.ubulk" 2012
"C:/Users/jola9182/Documents/GitHub/Project_Babadook/Content/Material/Paintings/WB_Painting_initialShadingGroup_OcclusionRoughnessMetallic.uasset" 2013
"C:/Users/jola9182/Documents/GitHub/Project_Babadook/Content/Material/Paintings/WB_Painting_initialShadingGroup_OcclusionRoughnessMetallic.uexp" 2014
"C:/Users/jola9182/Documents/GitHub/Project_Babadook/Content/Material/Paintings/M_Painting1.uasset" 2015
"C:/Users/jola9182/Documents/GitHub/Project_Babadook/Content/Material/Paintings/M_Painting1.uexp" 2016
"C:/Users/jola9182/Documents/GitHub/Project_Babadook/Content/Material/Paintings/WB_Painting2_initialShadingGroup_BaseColor.ubulk" 2017
"C:/Users/jola9182/Documents/GitHub/Project_Babadook/Content/Material/Paintings/WB_Painting2_initialShadingGroup_BaseColor.uasset" 2018
"C:/Users/jola9182/Documents/GitHub/Project_Babadook/Content/Material/Paintings/WB_Painting2_initialShadingGroup_BaseColor.uexp" 2019
"C:/Users/jola9182/Documents/GitHub/Project_Babadook/Content/Material/Paintings/WB_Painting2_initialShadingGroup_Normal.ubulk" 2020
"C:/Users/jola9182/Documents/GitHub/Project_Babadook/Content/Material/Paintings/WB_Painting2_initialShadingGroup_Normal.uasset" 2021
"C:/Users/jola9182/Documents/GitHub/Project_Babadook/Content/Material/Paintings/WB_Painting2_initialShadingGroup_Normal.uexp" 2022
"C:/Users/jola9182/Documents/GitHub/Project_Babadook/Content/Material/Paintings/WB_Painting2_initialShadingGroup_OcclusionRoughnessMetallic.ubulk" 2023
"C:/Users/jola9182/Documents/GitHub/Project_Babadook/Content/Material/Paintings/WB_Painting2_initialShadingGroup_OcclusionRoughnessMetallic.uasset" 2024
"C:/Users/jola9182/Documents/GitHub/Project_Babadook/Content/Material/Paintings/WB_Painting2_initialShadingGroup_OcclusionRoughnessMetallic.uexp" 2025
"C:/Users/jola9182/Documents/GitHub/Project_Babadook/Content/Material/Paintings/M_Painting2.uasset" 2026
"C:/Users/jola9182/Documents/GitHub/Project_Babadook/Content/Material/Paintings/M_Painting2.uexp" 2027
"C:/Users/jola9182/Documents/GitHub/Project_Babadook/Content/Material/Paintings/WB_Painting_Jesus_BaseColor.ubulk" 2028
"C:/Users/jola9182/Documents/GitHub/Project_Babadook/Content/Material/Paintings/WB_Painting_Jesus_BaseColor.uasset" 2029
"C:/Users/jola9182/Documents/GitHub/Project_Babadook/Content/Material/Paintings/WB_Painting_Jesus_BaseColor.uexp" 2030
"C:/Users/jola9182/Documents/GitHub/Project_Babadook/Content/Material/Paintings/WB_Painting_Jesus_Normal.ubulk" 2031
"C:/Users/jola9182/Documents/GitHub/Project_Babadook/Content/Material/Paintings/WB_Painting_Jesus_Normal.uasset" 2032
"C:/Users/jola9182/Documents/GitHub/Project_Babadook/Content/Material/Paintings/WB_Painting_Jesus_Normal.uexp" 2033
"C:/Users/jola9182/Documents/GitHub/Project_Babadook/Content/Material/Paintings/WB_Painting_Jesus_OcclusionRoughnessMetallic.ubulk" 2034
"C:/Users/jola9182/Documents/GitHub/Project_Babadook/Content/Material/Paintings/WB_Painting_Jesus_OcclusionRoughnessMetallic.uasset" 2035
"C:/Users/jola9182/Documents/GitHub/Project_Babadook/Content/Material/Paintings/WB_Painting_Jesus_OcclusionRoughnessMetallic.uexp" 2036
"C:/Users/jola9182/Documents/GitHub/Project_Babadook/Content/Material/Paintings/M_Painting3.uasset" 2037
"C:/Users/jola9182/Documents/GitHub/Project_Babadook/Content/Material/Paintings/M_Painting3.uexp" 2038
"C:/Users/jola9182/Documents/GitHub/Project_Babadook/Content/Material/Paintings/WB_Painting4_BaseColor.ubulk" 2039
"C:/Users/jola9182/Documents/GitHub/Project_Babadook/Content/Material/Paintings/WB_Painting4_BaseColor.uasset" 2040
"C:/Users/jola9182/Documents/GitHub/Project_Babadook/Content/Material/Paintings/WB_Painting4_BaseColor.uexp" 2041
"C:/Users/jola9182/Documents/GitHub/Project_Babadook/Content/Material/Paintings/WB_Painting4_Normal.ubulk" 2042
"C:/Users/jola9182/Documents/GitHub/Project_Babadook/Content/Material/Paintings/WB_Painting4_Normal.uasset" 2043
"C:/Users/jola9182/Documents/GitHub/Project_Babadook/Content/Material/Paintings/WB_Painting4_Normal.uexp" 2044
"C:/Users/jola9182/Documents/GitHub/Project_Babadook/Content/Material/Paintings/WB_Painting4_OcclusionRoughnessMetallic.ubulk" 2045
"C:/Users/jola9182/Documents/GitHub/Project_Babadook/Content/Material/Paintings/WB_Painting4_OcclusionRoughnessMetallic.uasset" 2046
"C:/Users/jola9182/Documents/GitHub/Project_Babadook/Content/Material/Paintings/WB_Painting4_OcclusionRoughnessMetallic.uexp" 2047
"C:/Users/jola9182/Documents/GitHub/Project_Babadook/Content/Material/Paintings/M_Painting4.uasset" 2048
"C:/Users/jola9182/Documents/GitHub/Project_Babadook/Content/Material/Paintings/M_Painting4.uexp" 2049
"C:/Users/jola9182/Documents/GitHub/Project_Babadook/Content/Material/Paintings/WB_Painting5_BaseColor.ubulk" 2050
"C:/Users/jola9182/Documents/GitHub/Project_Babadook/Content/Material/Paintings/WB_Painting5_BaseColor.uasset" 2051
"C:/Users/jola9182/Documents/GitHub/Project_Babadook/Content/Material/Paintings/WB_Painting5_BaseColor.uexp" 2052
"C:/Users/jola9182/Documents/GitHub/Project_Babadook/Content/Material/Paintings/WB_Painting5_Normal.ubulk" 2053
"C:/Users/jola9182/Documents/GitHub/Project_Babadook/Content/Material/Paintings/WB_Painting5_Normal.uasset" 2054
"C:/Users/jola9182/Documents/GitHub/Project_Babadook/Content/Material/Paintings/WB_Painting5_Normal.uexp" 2055
"C:/Users/jola9182/Documents/GitHub/Project_Babadook/Content/Material/Paintings/WB_Painting5_OcclusionRoughnessMetallic.ubulk" 2056
"C:/Users/jola9182/Documents/GitHub/Project_Babadook/Content/Material/Paintings/WB_Painting5_OcclusionRoughnessMetallic.uasset" 2057
"C:/Users/jola9182/Documents/GitHub/Project_Babadook/Content/Material/Paintings/WB_Painting5_OcclusionRoughnessMetallic.uexp" 2058
"C:/Users/jola9182/Documents/GitHub/Project_Babadook/Content/Material/Paintings/M_Painting5.uasset" 2059
"C:/Users/jola9182/Documents/GitHub/Project_Babadook/Content/Material/Paintings/M_Painting5.uexp" 2060
"C:/Users/jola9182/Documents/GitHub/Project_Babadook/Content/Material/Stainedglass/SumpleGlass_ambientocclusion.ubulk" 2061
"C:/Users/jola9182/Documents/GitHub/Project_Babadook/Content/Material/Stainedglass/SumpleGlass_ambientocclusion.uasset" 2062
"C:/Users/jola9182/Documents/GitHub/Project_Babadook/Content/Material/Stainedglass/SumpleGlass_ambientocclusion.uexp" 2063
"C:/Users/jola9182/Documents/GitHub/Project_Babadook/Content/Material/Stainedglass/SumpleGlass_basecolor.ubulk" 2064
"C:/Users/jola9182/Documents/GitHub/Project_Babadook/Content/Material/Stainedglass/SumpleGlass_basecolor.uasset" 2065
"C:/Users/jola9182/Documents/GitHub/Project_Babadook/Content/Material/Stainedglass/SumpleGlass_basecolor.uexp" 2066
"C:/Users/jola9182/Documents/GitHub/Project_Babadook/Content/Material/Stainedglass/SumpleGlass_height.ubulk" 2067
"C:/Users/jola9182/Documents/GitHub/Project_Babadook/Content/Material/Stainedglass/SumpleGlass_height.uasset" 2068
"C:/Users/jola9182/Documents/GitHub/Project_Babadook/Content/Material/Stainedglass/SumpleGlass_height.uexp" 2069
"C:/Users/jola9182/Documents/GitHub/Project_Babadook/Content/Material/Stainedglass/SumpleGlass_metallic.ubulk" 2070
"C:/Users/jola9182/Documents/GitHub/Project_Babadook/Content/Material/Stainedglass/SumpleGlass_metallic.uasset" 2071
"C:/Users/jola9182/Documents/GitHub/Project_Babadook/Content/Material/Stainedglass/SumpleGlass_metallic.uexp" 2072
"C:/Users/jola9182/Documents/GitHub/Project_Babadook/Content/Material/Stainedglass/SumpleGlass_normal.ubulk" 2073
"C:/Users/jola9182/Documents/GitHub/Project_Babadook/Content/Material/Stainedglass/SumpleGlass_normal.uasset" 2074
"C:/Users/jola9182/Documents/GitHub/Project_Babadook/Content/Material/Stainedglass/SumpleGlass_normal.uexp" 2075
"C:/Users/jola9182/Documents/GitHub/Project_Babadook/Content/Material/Stainedglass/SumpleGlass_roughness.ubulk" 2076
"C:/Users/jola9182/Documents/GitHub/Project_Babadook/Content/Material/Stainedglass/SumpleGlass_roughness.uasset" 2077
"C:/Users/jola9182/Documents/GitHub/Project_Babadook/Content/Material/Stainedglass/SumpleGlass_roughness.uexp" 2078
"C:/Users/jola9182/Documents/GitHub/Project_Babadook/Content/Material/Stainedglass/StainedGlass.uasset" 2079
"C:/Users/jola9182/Documents/GitHub/Project_Babadook/Content/Material/Stainedglass/StainedGlass.uexp" 2080
"C:/Users/jola9182/Documents/GitHub/Project_Babadook/Content/Meshes/Blocks/SM_9x9_Roof.ubulk" 2081
"C:/Users/jola9182/Documents/GitHub/Project_Babadook/Content/Meshes/Blocks/SM_9x9_Roof.uasset" 2082
"C:/Users/jola9182/Documents/GitHub/Project_Babadook/Content/Meshes/Blocks/SM_9x9_Roof.uexp" 2083
"C:/Users/jola9182/Documents/GitHub/Project_Babadook/Content/Meshes/Blocks/SM_Alcove.ubulk" 2084
"C:/Users/jola9182/Documents/GitHub/Project_Babadook/Content/Meshes/Blocks/SM_Alcove.uasset" 2085
"C:/Users/jola9182/Documents/GitHub/Project_Babadook/Content/Meshes/Blocks/SM_Alcove.uexp" 2086
"C:/Users/jola9182/Documents/GitHub/Project_Babadook/Content/Meshes/Blocks/SM_Balcony_Windows.ubulk" 2087
"C:/Users/jola9182/Documents/GitHub/Project_Babadook/Content/Meshes/Blocks/SM_Balcony_Windows.uasset" 2088
"C:/Users/jola9182/Documents/GitHub/Project_Babadook/Content/Meshes/Blocks/SM_Balcony_Windows.uexp" 2089
"C:/Users/jola9182/Documents/GitHub/Project_Babadook/Content/Meshes/Blocks/SM_Stone_Wall_2x2.ubulk" 2090
"C:/Users/jola9182/Documents/GitHub/Project_Babadook/Content/Meshes/Blocks/SM_Stone_Wall_2x2.uasset" 2091
"C:/Users/jola9182/Documents/GitHub/Project_Babadook/Content/Meshes/Blocks/SM_Stone_Wall_2x2.uexp" 2092
"C:/Users/jola9182/Documents/GitHub/Project_Babadook/Content/Meshes/Blocks/SM_Stone_Wall_Window3x9.ubulk" 2093
"C:/Users/jola9182/Documents/GitHub/Project_Babadook/Content/Meshes/Blocks/SM_Stone_Wall_Window3x9.uasset" 2094
"C:/Users/jola9182/Documents/GitHub/Project_Babadook/Content/Meshes/Blocks/SM_Stone_Wall_Window3x9.uexp" 2095
"C:/Users/jola9182/Documents/GitHub/Project_Babadook/Content/Meshes/Blocks/SM_Stone_Wall_Window_1x3.ubulk" 2096
"C:/Users/jola9182/Documents/GitHub/Project_Babadook/Content/Meshes/Blocks/SM_Stone_Wall_Window_1x3.uasset" 2097
"C:/Users/jola9182/Documents/GitHub/Project_Babadook/Content/Meshes/Blocks/SM_Stone_Wall_Window_1x3.uexp" 2098
"C:/Users/jola9182/Documents/GitHub/Project_Babadook/Content/Meshes/Blocks/SM_Stone_Wall_Window_3x4.ubulk" 2099
"C:/Users/jola9182/Documents/GitHub/Project_Babadook/Content/Meshes/Blocks/SM_Stone_Wall_Window_3x4.uasset" 2100
"C:/Users/jola9182/Documents/GitHub/Project_Babadook/Content/Meshes/Blocks/SM_Stone_Wall_Window_3x4.uexp" 2101
"C:/Users/jola9182/Documents/GitHub/Project_Babadook/Content/Meshes/Blocks/SM_Wood_Bannister.ubulk" 2102
"C:/Users/jola9182/Documents/GitHub/Project_Babadook/Content/Meshes/Blocks/SM_Wood_Bannister.uasset" 2103
"C:/Users/jola9182/Documents/GitHub/Project_Babadook/Content/Meshes/Blocks/SM_Wood_Bannister.uexp" 2104
"C:/Users/jola9182/Documents/GitHub/Project_Babadook/Content/Meshes/Blocks/SM_Wood_Bannister_Pillar.ubulk" 2105
"C:/Users/jola9182/Documents/GitHub/Project_Babadook/Content/Meshes/Blocks/SM_Wood_Bannister_Pillar.uasset" 2106
"C:/Users/jola9182/Documents/GitHub/Project_Babadook/Content/Meshes/Blocks/SM_Wood_Bannister_Pillar.uexp" 2107
"C:/Users/jola9182/Documents/GitHub/Project_Babadook/Content/Meshes/Blocks/SM_Wood_Floor_1x1.ubulk" 2108
"C:/Users/jola9182/Documents/GitHub/Project_Babadook/Content/Meshes/Blocks/SM_Wood_Floor_1x1.uasset" 2109
"C:/Users/jola9182/Documents/GitHub/Project_Babadook/Content/Meshes/Blocks/SM_Wood_Floor_1x1.uexp" 2110
"C:/Users/jola9182/Documents/GitHub/Project_Babadook/Content/Fab/Megascans/Surfaces/Worn_Wooden_Planks_whnfbg3/Low/whnfbg3_tier_3/Textures/T_whnfbg3_1K_B.ubulk" 2111
"C:/Users/jola9182/Documents/GitHub/Project_Babadook/Content/Fab/Megascans/Surfaces/Worn_Wooden_Planks_whnfbg3/Low/whnfbg3_tier_3/Textures/T_whnfbg3_1K_B.uasset" 2112
"C:/Users/jola9182/Documents/GitHub/Project_Babadook/Content/Fab/Megascans/Surfaces/Worn_Wooden_Planks_whnfbg3/Low/whnfbg3_tier_3/Textures/T_whnfbg3_1K_B.uexp" 2113
"C:/Users/jola9182/Documents/GitHub/Project_Babadook/Content/Fab/Megascans/Surfaces/Worn_Wooden_Planks_whnfbg3/Low/whnfbg3_tier_3/Textures/T_whnfbg3_1K_N.ubulk" 2114
"C:/Users/jola9182/Documents/GitHub/Project_Babadook/Content/Fab/Megascans/Surfaces/Worn_Wooden_Planks_whnfbg3/Low/whnfbg3_tier_3/Textures/T_whnfbg3_1K_N.uasset" 2115
"C:/Users/jola9182/Documents/GitHub/Project_Babadook/Content/Fab/Megascans/Surfaces/Worn_Wooden_Planks_whnfbg3/Low/whnfbg3_tier_3/Textures/T_whnfbg3_1K_N.uexp" 2116
"C:/Users/jola9182/Documents/GitHub/Project_Babadook/Content/Fab/Megascans/Surfaces/Worn_Wooden_Planks_whnfbg3/Low/whnfbg3_tier_3/Textures/T_whnfbg3_1K_ORM.ubulk" 2117
"C:/Users/jola9182/Documents/GitHub/Project_Babadook/Content/Fab/Megascans/Surfaces/Worn_Wooden_Planks_whnfbg3/Low/whnfbg3_tier_3/Textures/T_whnfbg3_1K_ORM.uasset" 2118
"C:/Users/jola9182/Documents/GitHub/Project_Babadook/Content/Fab/Megascans/Surfaces/Worn_Wooden_Planks_whnfbg3/Low/whnfbg3_tier_3/Textures/T_whnfbg3_1K_ORM.uexp" 2119
"C:/Users/jola9182/Documents/GitHub/Project_Babadook/Content/Fab/Megascans/Surfaces/Worn_Wooden_Planks_whnfbg3/Low/whnfbg3_tier_3/Materials/MI_whnfbg3.uasset" 2120
"C:/Users/jola9182/Documents/GitHub/Project_Babadook/Content/Fab/Megascans/Surfaces/Worn_Wooden_Planks_whnfbg3/Low/whnfbg3_tier_3/Materials/MI_whnfbg3.uexp" 2121
"C:/Users/jola9182/Documents/GitHub/Project_Babadook/Content/Meshes/Blocks/SM_Wood_Floor_3x3.ubulk" 2122
"C:/Users/jola9182/Documents/GitHub/Project_Babadook/Content/Meshes/Blocks/SM_Wood_Floor_3x3.uasset" 2123
"C:/Users/jola9182/Documents/GitHub/Project_Babadook/Content/Meshes/Blocks/SM_Wood_Floor_3x3.uexp" 2124
"C:/Users/jola9182/Documents/GitHub/Project_Babadook/Content/Meshes/Blocks/WB_Arch.ubulk" 2125
"C:/Users/jola9182/Documents/GitHub/Project_Babadook/Content/Meshes/Blocks/WB_Arch.uasset" 2126
"C:/Users/jola9182/Documents/GitHub/Project_Babadook/Content/Meshes/Blocks/WB_Arch.uexp" 2127
"C:/Users/jola9182/Documents/GitHub/Project_Babadook/Content/Meshes/Blocks/WB_Stone_Banister.ubulk" 2128
"C:/Users/jola9182/Documents/GitHub/Project_Babadook/Content/Meshes/Blocks/WB_Stone_Banister.uasset" 2129
"C:/Users/jola9182/Documents/GitHub/Project_Babadook/Content/Meshes/Blocks/WB_Stone_Banister.uexp" 2130
"C:/Users/jola9182/Documents/GitHub/Project_Babadook/Content/Fab/Megascans/Surfaces/Cracked_Wooden_Planks_ui2leaxlw/Low/ui2leaxlw_tier_3/Textures/T_ui2leaxlw_1K_B.ubulk" 2131
"C:/Users/jola9182/Documents/GitHub/Project_Babadook/Content/Fab/Megascans/Surfaces/Cracked_Wooden_Planks_ui2leaxlw/Low/ui2leaxlw_tier_3/Textures/T_ui2leaxlw_1K_B.uasset" 2132
"C:/Users/jola9182/Documents/GitHub/Project_Babadook/Content/Fab/Megascans/Surfaces/Cracked_Wooden_Planks_ui2leaxlw/Low/ui2leaxlw_tier_3/Textures/T_ui2leaxlw_1K_B.uexp" 2133
"C:/Users/jola9182/Documents/GitHub/Project_Babadook/Content/Fab/Megascans/Surfaces/Cracked_Wooden_Planks_ui2leaxlw/Low/ui2leaxlw_tier_3/Textures/T_ui2leaxlw_1K_N.ubulk" 2134
"C:/Users/jola9182/Documents/GitHub/Project_Babadook/Content/Fab/Megascans/Surfaces/Cracked_Wooden_Planks_ui2leaxlw/Low/ui2leaxlw_tier_3/Textures/T_ui2leaxlw_1K_N.uasset" 2135
"C:/Users/jola9182/Documents/GitHub/Project_Babadook/Content/Fab/Megascans/Surfaces/Cracked_Wooden_Planks_ui2leaxlw/Low/ui2leaxlw_tier_3/Textures/T_ui2leaxlw_1K_N.uexp" 2136
"C:/Users/jola9182/Documents/GitHub/Project_Babadook/Content/Fab/Megascans/Surfaces/Cracked_Wooden_Planks_ui2leaxlw/Low/ui2leaxlw_tier_3/Textures/T_ui2leaxlw_1K_ORM.ubulk" 2137
"C:/Users/jola9182/Documents/GitHub/Project_Babadook/Content/Fab/Megascans/Surfaces/Cracked_Wooden_Planks_ui2leaxlw/Low/ui2leaxlw_tier_3/Textures/T_ui2leaxlw_1K_ORM.uasset" 2138
"C:/Users/jola9182/Documents/GitHub/Project_Babadook/Content/Fab/Megascans/Surfaces/Cracked_Wooden_Planks_ui2leaxlw/Low/ui2leaxlw_tier_3/Textures/T_ui2leaxlw_1K_ORM.uexp" 2139
"C:/Users/jola9182/Documents/GitHub/Project_Babadook/Content/Fab/Megascans/Surfaces/Cracked_Wooden_Planks_ui2leaxlw/Low/ui2leaxlw_tier_3/Materials/MI_ui2leaxlw.uasset" 2140
"C:/Users/jola9182/Documents/GitHub/Project_Babadook/Content/Fab/Megascans/Surfaces/Cracked_Wooden_Planks_ui2leaxlw/Low/ui2leaxlw_tier_3/Materials/MI_ui2leaxlw.uexp" 2141
"C:/Users/jola9182/Documents/GitHub/Project_Babadook/Content/Meshes/Models/SM_Bench.ubulk" 2142
"C:/Users/jola9182/Documents/GitHub/Project_Babadook/Content/Meshes/Models/SM_Bench.uasset" 2143
"C:/Users/jola9182/Documents/GitHub/Project_Babadook/Content/Meshes/Models/SM_Bench.uexp" 2144
"C:/Users/jola9182/Documents/GitHub/Project_Babadook/Content/Material/Bucket/SM_Bucket_lambert1_BaseColor.ubulk" 2145
"C:/Users/jola9182/Documents/GitHub/Project_Babadook/Content/Material/Bucket/SM_Bucket_lambert1_BaseColor.uasset" 2146
"C:/Users/jola9182/Documents/GitHub/Project_Babadook/Content/Material/Bucket/SM_Bucket_lambert1_BaseColor.uexp" 2147
"C:/Users/jola9182/Documents/GitHub/Project_Babadook/Content/Material/Bucket/SM_Bucket_lambert1_Normal.ubulk" 2148
"C:/Users/jola9182/Documents/GitHub/Project_Babadook/Content/Material/Bucket/SM_Bucket_lambert1_Normal.uasset" 2149
"C:/Users/jola9182/Documents/GitHub/Project_Babadook/Content/Material/Bucket/SM_Bucket_lambert1_Normal.uexp" 2150
"C:/Users/jola9182/Documents/GitHub/Project_Babadook/Content/Material/Bucket/SM_Bucket_lambert1_OcclusionRoughnessMetallic.ubulk" 2151
"C:/Users/jola9182/Documents/GitHub/Project_Babadook/Content/Material/Bucket/SM_Bucket_lambert1_OcclusionRoughnessMetallic.uasset" 2152
"C:/Users/jola9182/Documents/GitHub/Project_Babadook/Content/Material/Bucket/SM_Bucket_lambert1_OcclusionRoughnessMetallic.uexp" 2153
"C:/Users/jola9182/Documents/GitHub/Project_Babadook/Content/Material/Bucket/M_Bucket.uasset" 2154
"C:/Users/jola9182/Documents/GitHub/Project_Babadook/Content/Material/Bucket/M_Bucket.uexp" 2155
"C:/Users/jola9182/Documents/GitHub/Project_Babadook/Content/Meshes/Models/SM_Bucket.ubulk" 2156
"C:/Users/jola9182/Documents/GitHub/Project_Babadook/Content/Meshes/Models/SM_Bucket.uasset" 2157
"C:/Users/jola9182/Documents/GitHub/Project_Babadook/Content/Meshes/Models/SM_Bucket.uexp" 2158
"C:/Users/jola9182/Documents/GitHub/Project_Babadook/Content/Meshes/Models/SM_Chair.ubulk" 2159
"C:/Users/jola9182/Documents/GitHub/Project_Babadook/Content/Meshes/Models/SM_Chair.uasset" 2160
"C:/Users/jola9182/Documents/GitHub/Project_Babadook/Content/Meshes/Models/SM_Chair.uexp" 2161
"C:/Users/jola9182/Documents/GitHub/Project_Babadook/Content/Meshes/Models/SM_Dead_Tree.ubulk" 2162
"C:/Users/jola9182/Documents/GitHub/Project_Babadook/Content/Meshes/Models/SM_Dead_Tree.uasset" 2163
"C:/Users/jola9182/Documents/GitHub/Project_Babadook/Content/Meshes/Models/SM_Dead_Tree.uexp" 2164
"C:/Users/jola9182/Documents/GitHub/Project_Babadook/Content/Meshes/Models/SM_Floor_Brazier.ubulk" 2165
"C:/Users/jola9182/Documents/GitHub/Project_Babadook/Content/Meshes/Models/SM_Floor_Brazier.uasset" 2166
"C:/Users/jola9182/Documents/GitHub/Project_Babadook/Content/Meshes/Models/SM_Floor_Brazier.uexp" 2167
"C:/Users/jola9182/Documents/GitHub/Project_Babadook/Content/Meshes/Models/SM_Lectern.ubulk" 2168
"C:/Users/jola9182/Documents/GitHub/Project_Babadook/Content/Meshes/Models/SM_Lectern.uasset" 2169
"C:/Users/jola9182/Documents/GitHub/Project_Babadook/Content/Meshes/Models/SM_Lectern.uexp" 2170
"C:/Users/jola9182/Documents/GitHub/Project_Babadook/Content/Meshes/Models/SM_Stone_Square_Pillar.ubulk" 2171
"C:/Users/jola9182/Documents/GitHub/Project_Babadook/Content/Meshes/Models/SM_Stone_Square_Pillar.uasset" 2172
"C:/Users/jola9182/Documents/GitHub/Project_Babadook/Content/Meshes/Models/SM_Stone_Square_Pillar.uexp" 2173
"C:/Users/jola9182/Documents/GitHub/Project_Babadook/Content/Meshes/Models/SM_Stool.ubulk" 2174
"C:/Users/jola9182/Documents/GitHub/Project_Babadook/Content/Meshes/Models/SM_Stool.uasset" 2175
"C:/Users/jola9182/Documents/GitHub/Project_Babadook/Content/Meshes/Models/SM_Stool.uexp" 2176
"C:/Users/jola9182/Documents/GitHub/Project_Babadook/Content/Fab/Megascans/Surfaces/Old_Plywood_vigjfivg/Low/vigjfivg_tier_3/Textures/T_vigjfivg_1K_B.ubulk" 2177
"C:/Users/jola9182/Documents/GitHub/Project_Babadook/Content/Fab/Megascans/Surfaces/Old_Plywood_vigjfivg/Low/vigjfivg_tier_3/Textures/T_vigjfivg_1K_B.uasset" 2178
"C:/Users/jola9182/Documents/GitHub/Project_Babadook/Content/Fab/Megascans/Surfaces/Old_Plywood_vigjfivg/Low/vigjfivg_tier_3/Textures/T_vigjfivg_1K_B.uexp" 2179
"C:/Users/jola9182/Documents/GitHub/Project_Babadook/Content/Fab/Megascans/Surfaces/Old_Plywood_vigjfivg/Low/vigjfivg_tier_3/Textures/T_vigjfivg_1K_N.ubulk" 2180
"C:/Users/jola9182/Documents/GitHub/Project_Babadook/Content/Fab/Megascans/Surfaces/Old_Plywood_vigjfivg/Low/vigjfivg_tier_3/Textures/T_vigjfivg_1K_N.uasset" 2181
"C:/Users/jola9182/Documents/GitHub/Project_Babadook/Content/Fab/Megascans/Surfaces/Old_Plywood_vigjfivg/Low/vigjfivg_tier_3/Textures/T_vigjfivg_1K_N.uexp" 2182
"C:/Users/jola9182/Documents/GitHub/Project_Babadook/Content/Fab/Megascans/Surfaces/Old_Plywood_vigjfivg/Low/vigjfivg_tier_3/Textures/T_vigjfivg_1K_ORM.ubulk" 2183
"C:/Users/jola9182/Documents/GitHub/Project_Babadook/Content/Fab/Megascans/Surfaces/Old_Plywood_vigjfivg/Low/vigjfivg_tier_3/Textures/T_vigjfivg_1K_ORM.uasset" 2184
"C:/Users/jola9182/Documents/GitHub/Project_Babadook/Content/Fab/Megascans/Surfaces/Old_Plywood_vigjfivg/Low/vigjfivg_tier_3/Textures/T_vigjfivg_1K_ORM.uexp" 2185
"C:/Users/jola9182/Documents/GitHub/Project_Babadook/Content/Fab/Megascans/Surfaces/Old_Plywood_vigjfivg/Low/vigjfivg_tier_3/Materials/MI_vigjfivg.uasset" 2186
"C:/Users/jola9182/Documents/GitHub/Project_Babadook/Content/Fab/Megascans/Surfaces/Old_Plywood_vigjfivg/Low/vigjfivg_tier_3/Materials/MI_vigjfivg.uexp" 2187
"C:/Users/jola9182/Documents/GitHub/Project_Babadook/Content/Meshes/Models/SM_Writing_Desk.ubulk" 2188
"C:/Users/jola9182/Documents/GitHub/Project_Babadook/Content/Meshes/Models/SM_Writing_Desk.uasset" 2189
"C:/Users/jola9182/Documents/GitHub/Project_Babadook/Content/Meshes/Models/SM_Writing_Desk.uexp" 2190
"C:/Users/jola9182/Documents/GitHub/Project_Babadook/Content/Fab/Megascans/Surfaces/Wooden_Planks_vjisagn/Low/vjisagn_tier_3/Textures/T_vjisagn_1K_B.ubulk" 2191
"C:/Users/jola9182/Documents/GitHub/Project_Babadook/Content/Fab/Megascans/Surfaces/Wooden_Planks_vjisagn/Low/vjisagn_tier_3/Textures/T_vjisagn_1K_B.uasset" 2192
"C:/Users/jola9182/Documents/GitHub/Project_Babadook/Content/Fab/Megascans/Surfaces/Wooden_Planks_vjisagn/Low/vjisagn_tier_3/Textures/T_vjisagn_1K_B.uexp" 2193
"C:/Users/jola9182/Documents/GitHub/Project_Babadook/Content/Fab/Megascans/Surfaces/Wooden_Planks_vjisagn/Low/vjisagn_tier_3/Textures/T_vjisagn_1K_N.ubulk" 2194
"C:/Users/jola9182/Documents/GitHub/Project_Babadook/Content/Fab/Megascans/Surfaces/Wooden_Planks_vjisagn/Low/vjisagn_tier_3/Textures/T_vjisagn_1K_N.uasset" 2195
"C:/Users/jola9182/Documents/GitHub/Project_Babadook/Content/Fab/Megascans/Surfaces/Wooden_Planks_vjisagn/Low/vjisagn_tier_3/Textures/T_vjisagn_1K_N.uexp" 2196
"C:/Users/jola9182/Documents/GitHub/Project_Babadook/Content/Fab/Megascans/Surfaces/Wooden_Planks_vjisagn/Low/vjisagn_tier_3/Textures/T_vjisagn_1K_ORM.ubulk" 2197
"C:/Users/jola9182/Documents/GitHub/Project_Babadook/Content/Fab/Megascans/Surfaces/Wooden_Planks_vjisagn/Low/vjisagn_tier_3/Textures/T_vjisagn_1K_ORM.uasset" 2198
"C:/Users/jola9182/Documents/GitHub/Project_Babadook/Content/Fab/Megascans/Surfaces/Wooden_Planks_vjisagn/Low/vjisagn_tier_3/Textures/T_vjisagn_1K_ORM.uexp" 2199
"C:/Users/jola9182/Documents/GitHub/Project_Babadook/Content/Fab/Megascans/Surfaces/Wooden_Planks_vjisagn/Low/vjisagn_tier_3/Materials/MI_vjisagn.uasset" 2200
"C:/Users/jola9182/Documents/GitHub/Project_Babadook/Content/Fab/Megascans/Surfaces/Wooden_Planks_vjisagn/Low/vjisagn_tier_3/Materials/MI_vjisagn.uexp" 2201
"C:/Users/jola9182/Documents/GitHub/Project_Babadook/Content/Meshes/Models/WB_BookshelfLarge.ubulk" 2202
"C:/Users/jola9182/Documents/GitHub/Project_Babadook/Content/Meshes/Models/WB_BookshelfLarge.uasset" 2203
"C:/Users/jola9182/Documents/GitHub/Project_Babadook/Content/Meshes/Models/WB_BookshelfLarge.uexp" 2204
"C:/Users/jola9182/Documents/GitHub/Project_Babadook/Content/Meshes/Models/WB_BookshelfSmall.ubulk" 2205
"C:/Users/jola9182/Documents/GitHub/Project_Babadook/Content/Meshes/Models/WB_BookshelfSmall.uasset" 2206
"C:/Users/jola9182/Documents/GitHub/Project_Babadook/Content/Meshes/Models/WB_BookshelfSmall.uexp" 2207
"C:/Users/jola9182/Documents/GitHub/Project_Babadook/Content/Meshes/Models/WB_LongTable.ubulk" 2208
"C:/Users/jola9182/Documents/GitHub/Project_Babadook/Content/Meshes/Models/WB_LongTable.uasset" 2209
"C:/Users/jola9182/Documents/GitHub/Project_Babadook/Content/Meshes/Models/WB_LongTable.uexp" 2210
"C:/Users/jola9182/Documents/GitHub/Project_Babadook/Content/Meshes/Models/WB_Painting.ubulk" 2211
"C:/Users/jola9182/Documents/GitHub/Project_Babadook/Content/Meshes/Models/WB_Painting.uasset" 2212
"C:/Users/jola9182/Documents/GitHub/Project_Babadook/Content/Meshes/Models/WB_Painting.uexp" 2213
"C:/Users/jola9182/Documents/GitHub/Project_Babadook/Content/Meshes/Models/WB_PotWithoutLid.ubulk" 2214
"C:/Users/jola9182/Documents/GitHub/Project_Babadook/Content/Meshes/Models/WB_PotWithoutLid.uasset" 2215
"C:/Users/jola9182/Documents/GitHub/Project_Babadook/Content/Meshes/Models/WB_PotWithoutLid.uexp" 2216
"C:/Users/jola9182/Documents/GitHub/Project_Babadook/Content/Meshes/Models/WB_Stone_Banister_End__1_.ubulk" 2217
"C:/Users/jola9182/Documents/GitHub/Project_Babadook/Content/Meshes/Models/WB_Stone_Banister_End__1_.uasset" 2218
"C:/Users/jola9182/Documents/GitHub/Project_Babadook/Content/Meshes/Models/WB_Stone_Banister_End__1_.uexp" 2219
"C:/Users/jola9182/Documents/GitHub/Project_Babadook/Content/Meshes/Models/WB_Toilet.ubulk" 2220
"C:/Users/jola9182/Documents/GitHub/Project_Babadook/Content/Meshes/Models/WB_Toilet.uasset" 2221
"C:/Users/jola9182/Documents/GitHub/Project_Babadook/Content/Meshes/Models/WB_Toilet.uexp" 2222
"C:/Users/jola9182/Documents/GitHub/Project_Babadook/Content/Meshes/Models/WB_ToiletLid.ubulk" 2223
"C:/Users/jola9182/Documents/GitHub/Project_Babadook/Content/Meshes/Models/WB_ToiletLid.uasset" 2224
"C:/Users/jola9182/Documents/GitHub/Project_Babadook/Content/Meshes/Models/WB_ToiletLid.uexp" 2225
"C:/Users/jola9182/Documents/GitHub/Project_Babadook/Content/Models/Sadra/BP_ShadowPuzzlePawn2.uasset" 2226
"C:/Users/jola9182/Documents/GitHub/Project_Babadook/Content/Models/Sadra/BP_ShadowPuzzlePawn2.uexp" 2227
"C:/Users/jola9182/Documents/GitHub/Project_Babadook/Content/FirstPerson/Inventory/Images/SmallYellowKey.uasset" 2228
"C:/Users/jola9182/Documents/GitHub/Project_Babadook/Content/FirstPerson/Inventory/Images/SmallYellowKey.uexp" 2229
"C:/Users/jola9182/Documents/GitHub/Project_Babadook/Content/Levels/L_Church.uexp" 2230
"C:/Users/jola9182/Documents/GitHub/Project_Babadook/Content/Levels/L_Church.umap" 2231
"C:/Users/jola9182/Documents/GitHub/Project_Babadook/Content/UI/GM_MenuGameMode.uasset" 2232
"C:/Users/jola9182/Documents/GitHub/Project_Babadook/Content/UI/GM_MenuGameMode.uexp" 2233
"C:/Users/jola9182/Documents/GitHub/Project_Babadook/Content/UI/UIAsset/Logo.uasset" 2234
"C:/Users/jola9182/Documents/GitHub/Project_Babadook/Content/UI/UIAsset/Logo.uexp" 2235
"C:/Users/jola9182/Documents/GitHub/Project_Babadook/Content/UI/UIAsset/StartMenu_Backround2.uasset" 2236
"C:/Users/jola9182/Documents/GitHub/Project_Babadook/Content/UI/UIAsset/StartMenu_Backround2.uexp" 2237
"C:/Users/jola9182/Documents/GitHub/Project_Babadook/Content/UI/WB_MainMenu.uasset" 2238
"C:/Users/jola9182/Documents/GitHub/Project_Babadook/Content/UI/WB_MainMenu.uexp" 2239
"C:/Users/jola9182/Documents/GitHub/Project_Babadook/Content/Audio/SoundWaves/Track1_New_Recording_277m4a.ubulk" 2240
"C:/Users/jola9182/Documents/GitHub/Project_Babadook/Content/Audio/SoundWaves/Track1_New_Recording_277m4a.uasset" 2241
"C:/Users/jola9182/Documents/GitHub/Project_Babadook/Content/Audio/SoundWaves/Track1_New_Recording_277m4a.uexp" 2242
"C:/Users/jola9182/Documents/GitHub/Project_Babadook/Content/Audio/SoundWaves/Track2_Instrument__3_.ubulk" 2243
"C:/Users/jola9182/Documents/GitHub/Project_Babadook/Content/Audio/SoundWaves/Track2_Instrument__3_.uasset" 2244
"C:/Users/jola9182/Documents/GitHub/Project_Babadook/Content/Audio/SoundWaves/Track2_Instrument__3_.uexp" 2245
"C:/Users/jola9182/Documents/GitHub/Project_Babadook/Content/Audio/SoundWaves/Track3_VoiceAudio.ubulk" 2246
"C:/Users/jola9182/Documents/GitHub/Project_Babadook/Content/Audio/SoundWaves/Track3_VoiceAudio.uasset" 2247
"C:/Users/jola9182/Documents/GitHub/Project_Babadook/Content/Audio/SoundWaves/Track3_VoiceAudio.uexp" 2248
"C:/Users/jola9182/Documents/GitHub/Project_Babadook/Content/Audio/SoundCues/S_MenuMusic_C.uasset" 2249
"C:/Users/jola9182/Documents/GitHub/Project_Babadook/Content/Audio/SoundCues/S_MenuMusic_C.uexp" 2250
"C:/Users/jola9182/Documents/GitHub/Project_Babadook/Content/Levels/MainMenuMap.uexp" 2251
"C:/Users/jola9182/Documents/GitHub/Project_Babadook/Content/Levels/MainMenuMap.umap" 2252
